GEO.id,Id
GEO.id2,Id2
GEO.display-label,Geography
HD01_VD01,Estimate; Total:
HD02_VD01,Margin of Error; Total:
HD01_VD03,Estimate; Total: - No vehicle available
HD02_VD03,Margin of Error; Total: - No vehicle available
HD01_VD04,Estimate; Total: - 1 vehicle available
HD02_VD04,Margin of Error; Total: - 1 vehicle available
HD01_VD05,Estimate; Total: - 2 vehicles available
HD02_VD05,Margin of Error; Total: - 2 vehicles available
HD01_VD06,Estimate; Total: - 3 vehicles available
HD02_VD06,Margin of Error; Total: - 3 vehicles available
HD01_VD07,Estimate; Total: - 4 or more vehicles available
HD02_VD07,Margin of Error; Total: - 4 or more vehicles available
HD01_VD08,Estimate; Total: - 1-person household:
HD02_VD08,Margin of Error; Total: - 1-person household:
HD01_VD09,Estimate; Total: - 1-person household: - No vehicle available
HD02_VD09,Margin of Error; Total: - 1-person household: - No vehicle available
HD01_VD10,Estimate; Total: - 1-person household: - 1 vehicle available
HD02_VD10,Margin of Error; Total: - 1-person household: - 1 vehicle available
HD01_VD11,Estimate; Total: - 1-person household: - 2 vehicles available
HD02_VD11,Margin of Error; Total: - 1-person household: - 2 vehicles available
HD01_VD12,Estimate; Total: - 1-person household: - 3 vehicles available
HD02_VD12,Margin of Error; Total: - 1-person household: - 3 vehicles available
HD01_VD13,Estimate; Total: - 1-person household: - 4 or more vehicles available
HD02_VD13,Margin of Error; Total: - 1-person household: - 4 or more vehicles available
HD01_VD14,Estimate; Total: - 2-person household:
HD02_VD14,Margin of Error; Total: - 2-person household:
HD01_VD15,Estimate; Total: - 2-person household: - No vehicle available
HD02_VD15,Margin of Error; Total: - 2-person household: - No vehicle available
HD01_VD16,Estimate; Total: - 2-person household: - 1 vehicle available
HD02_VD16,Margin of Error; Total: - 2-person household: - 1 vehicle available
HD01_VD17,Estimate; Total: - 2-person household: - 2 vehicles available
HD02_VD17,Margin of Error; Total: - 2-person household: - 2 vehicles available
HD01_VD18,Estimate; Total: - 2-person household: - 3 vehicles available
HD02_VD18,Margin of Error; Total: - 2-person household: - 3 vehicles available
HD01_VD19,Estimate; Total: - 2-person household: - 4 or more vehicles available
HD02_VD19,Margin of Error; Total: - 2-person household: - 4 or more vehicles available
HD01_VD20,Estimate; Total: - 3-person household:
HD02_VD20,Margin of Error; Total: - 3-person household:
HD01_VD21,Estimate; Total: - 3-person household: - No vehicle available
HD02_VD21,Margin of Error; Total: - 3-person household: - No vehicle available
HD01_VD22,Estimate; Total: - 3-person household: - 1 vehicle available
HD02_VD22,Margin of Error; Total: - 3-person household: - 1 vehicle available
HD01_VD23,Estimate; Total: - 3-person household: - 2 vehicles available
HD02_VD23,Margin of Error; Total: - 3-person household: - 2 vehicles available
HD01_VD24,Estimate; Total: - 3-person household: - 3 vehicles available
HD02_VD24,Margin of Error; Total: - 3-person household: - 3 vehicles available
HD01_VD25,Estimate; Total: - 3-person household: - 4 or more vehicles available
HD02_VD25,Margin of Error; Total: - 3-person household: - 4 or more vehicles available
HD01_VD26,Estimate; Total: - 4-or-more-person household:
HD02_VD26,Margin of Error; Total: - 4-or-more-person household:
HD01_VD27,Estimate; Total: - 4-or-more-person household: - No vehicle available
HD02_VD27,Margin of Error; Total: - 4-or-more-person household: - No vehicle available
HD01_VD28,Estimate; Total: - 4-or-more-person household: - 1 vehicle available
HD02_VD28,Margin of Error; Total: - 4-or-more-person household: - 1 vehicle available
HD01_VD29,Estimate; Total: - 4-or-more-person household: - 2 vehicles available
HD02_VD29,Margin of Error; Total: - 4-or-more-person household: - 2 vehicles available
HD01_VD30,Estimate; Total: - 4-or-more-person household: - 3 vehicles available
HD02_VD30,Margin of Error; Total: - 4-or-more-person household: - 3 vehicles available
HD01_VD31,Estimate; Total: - 4-or-more-person household: - 4 or more vehicles available
HD02_VD31,Margin of Error; Total: - 4-or-more-person household: - 4 or more vehicles available
