GEO.id,GEO.id2,GEO.display-label,HD01_VD01,HD02_VD01,HD01_VD02,HD02_VD02,HD01_VD03,HD02_VD03,HD01_VD04,HD02_VD04,HD01_VD05,HD02_VD05,HD01_VD06,HD02_VD06,HD01_VD07,HD02_VD07
Id,Id2,Geography,Estimate; Total:,Margin of Error; Total:,Estimate; Ancestry specified:,Margin of Error; Ancestry specified:,Estimate; Ancestry specified: - Single ancestry,Margin of Error; Ancestry specified: - Single ancestry,Estimate; Ancestry specified: - Multiple ancestry,Margin of Error; Ancestry specified: - Multiple ancestry,Estimate; Ancestry not specified:,Margin of Error; Ancestry not specified:,Estimate; Ancestry not specified: - Ancestry unclassified,Margin of Error; Ancestry not specified: - Ancestry unclassified,Estimate; Ancestry not specified: - Ancestry not reported,Margin of Error; Ancestry not specified: - Ancestry not reported
0400000US01,01,Alabama,4850771,*****,3730510,10755,2964175,11167,766335,8718,1120261,10753,108305,3804,1011956,10155
0400000US02,02,Alaska,738565,*****,625805,3388,391062,4662,234743,4330,112760,3388,13683,990,99077,3266
0400000US04,04,Arizona,6809946,*****,5704254,11502,4048328,16391,1655926,12919,1105692,11502,92261,3212,1013431,11034
0400000US05,05,Arkansas,2977944,*****,2217624,7662,1629700,7779,587924,7844,760320,7662,68983,3045,691337,7957
0400000US06,06,California,38982847,*****,34336321,56398,25945708,88281,8390613,39447,4646526,56398,336067,6923,4310459,52343
0400000US08,08,Colorado,5436519,*****,4504686,9047,2764917,11759,1739769,9157,931833,9047,98805,3244,833028,10086
0400000US09,09,Connecticut,3594478,*****,3163088,6553,1939474,11260,1223614,9716,431390,6553,32256,1589,399134,6448
0400000US10,10,Delaware,943732,*****,795817,4379,547821,5150,247996,4239,147915,4379,14697,1152,133218,4276
0400000US11,11,District of Columbia,672391,*****,550281,3333,414932,3872,135349,2788,122110,3333,36426,2587,85684,3315
0400000US12,12,Florida,20278447,*****,17100275,28855,12629916,48679,4470359,31220,3178172,28855,291843,6826,2886329,25465
0400000US13,13,Georgia,10201635,*****,8405385,22348,6727599,29298,1677786,14539,1796250,22348,209764,4869,1586486,20592
0400000US15,15,Hawaii,1421658,*****,1276123,4038,803721,6577,472402,5907,145535,4038,10387,994,135148,3849
0400000US16,16,Idaho,1657375,*****,1341342,6033,863616,7992,477726,7258,316033,6033,38089,2466,277944,5917
0400000US17,17,Illinois,12854526,*****,10957426,17987,7559315,26052,3398111,16746,1897100,17981,170245,4244,1726855,16127
0400000US18,18,Indiana,6614418,*****,5004524,12255,3409885,12765,1594639,12434,1609894,12255,167670,5058,1442224,12099
0400000US19,19,Iowa,3118102,*****,2435363,6981,1517919,8246,917444,7904,682739,6982,65404,2289,617335,7149
0400000US20,20,Kansas,2903820,*****,2334913,7141,1517742,7285,817171,6890,568907,7141,66282,2817,502625,6849
0400000US21,21,Kentucky,4424376,*****,3207350,9134,2351107,10454,856243,7098,1217026,9134,122293,3851,1094733,9430
0400000US22,22,Louisiana,4663461,*****,3901024,13491,3029066,16868,871958,9785,762437,13491,72175,2950,690262,12524
0400000US23,23,Maine,1330158,*****,1104534,3799,635076,4887,469458,4990,225624,3799,29598,1532,196026,3547
0400000US24,24,Maryland,5996079,*****,5031375,11851,3580930,15153,1450445,9000,964704,11851,89965,3009,874739,11109
0400000US25,25,Massachusetts,6789319,*****,5896289,13400,3655239,18732,2241050,11281,893030,13400,62053,2645,830977,12917
0400000US26,26,Michigan,9925568,*****,8257730,11803,5130764,18630,3126966,13565,1667838,11801,179865,3681,1487973,10465
0400000US27,27,Minnesota,5490726,*****,4707132,6817,2578725,12320,2128407,11027,783594,6815,89247,2485,694347,6628
0400000US28,28,Mississippi,2986220,*****,2402159,10718,2009589,10514,392570,6640,584061,10718,53767,2629,530294,9464
0400000US29,29,Missouri,6075300,*****,4703235,11841,3066617,12455,1636618,10017,1372065,11841,158127,4398,1213938,11842
0400000US30,30,Montana,1029862,*****,845275,4607,485585,4873,359690,4406,184587,4607,20630,1296,163957,4456
0400000US31,31,Nebraska,1893921,*****,1555920,4858,943115,5643,612805,5543,338001,4858,33541,1550,304460,4647
0400000US32,32,Nevada,2887725,*****,2511736,7374,1785910,10319,725826,7821,375989,7374,40728,2034,335261,7004
0400000US33,33,New Hampshire,1331848,*****,1139548,3820,600467,5641,539081,6032,192300,3820,28278,1913,164022,3643
0400000US34,34,New Jersey,8960161,*****,7948056,14662,5445015,22413,2503041,15299,1012105,14662,89065,2750,923040,15016
0400000US35,35,New Mexico,2084828,*****,1815693,6179,1416388,8524,399305,6574,269135,6179,30462,1497,238673,6101
0400000US36,36,New York,19798228,*****,17127993,28423,12102727,43634,5025266,22343,2670235,28420,174491,4100,2495744,26203
0400000US37,37,North Carolina,10052564,*****,8137525,18197,6124936,20452,2012589,15207,1915039,18195,222882,5847,1692157,16440
0400000US38,38,North Dakota,745475,*****,641488,3444,359359,4272,282129,3695,103987,3444,8263,927,95724,3398
0400000US39,39,Ohio,11609756,*****,9314670,14757,5874021,17409,3440649,16606,2295086,14757,240675,6102,2054411,13670
0400000US40,40,Oklahoma,3896251,*****,3029498,6983,2130369,7426,899129,6515,866753,6984,91297,2621,775456,6775
0400000US41,41,Oregon,4025127,*****,3283101,7907,1929273,9725,1353828,7705,742026,7907,112451,3795,629575,7503
0400000US42,42,Pennsylvania,12790505,*****,10659370,14154,6424135,18357,4235235,15228,2131135,14154,190498,4220,1940637,12455
0400000US44,44,Rhode Island,1056138,*****,936413,3051,562810,4766,373603,4342,119725,3051,7624,726,112101,2978
0400000US45,45,South Carolina,4893444,*****,3943379,11495,3048288,13689,895091,7904,950065,11495,103080,3536,846985,10832
0400000US46,46,South Dakota,855444,*****,725938,3407,440705,4100,285233,3400,129506,3407,12780,1062,116726,3370
0400000US47,47,Tennessee,6597381,*****,5003586,13084,3805557,14448,1198029,9342,1593795,13084,178731,4811,1415064,11886
0400000US48,48,Texas,27419612,*****,23456952,42772,18573143,52781,4883809,20904,3962660,42772,346984,8745,3615676,37811
0400000US49,49,Utah,2993941,*****,2491774,8450,1571666,9912,920108,7884,502167,8450,40535,1955,461632,7825
0400000US50,50,Vermont,624636,*****,522335,2287,288922,3016,233413,3033,102301,2287,12950,920,89351,2124
0400000US51,51,Virginia,8365952,*****,6853222,15771,4916423,20630,1936799,12178,1512730,15771,158754,3973,1353976,14041
0400000US53,53,Washington,7169967,*****,6040779,11760,3630538,15790,2410241,14562,1129188,11760,140535,4179,988653,11046
0400000US54,54,West Virginia,1836843,*****,1255556,7069,833085,6168,422471,5596,581287,7069,44067,1930,537220,7630
0400000US55,55,Wisconsin,5763217,*****,4958272,8636,2837933,12391,2120339,9897,804945,8636,78615,2622,726330,7728
0400000US56,56,Wyoming,583200,*****,449139,3338,264830,3879,184309,3442,134061,3338,12244,1080,121817,3229
0400000US72,72,Puerto Rico,3468963,*****,3188486,5264,3110412,6033,78074,2735,280477,5264,4707,528,275770,5231
0400001US01,01,Alabama -- Urban,2871799,6531,2275450,9055,1792039,8213,483411,7321,596349,8604,60600,2686,535749,8584
0400001US02,02,Alaska -- Urban,488460,2165,410170,3630,249896,4011,160274,3658,78290,2990,10201,879,68089,2941
0400001US04,04,Arizona -- Urban,6109162,7665,5113029,11539,3623981,15568,1489048,12378,996133,10679,83733,2974,912400,10327
0400001US05,05,Arkansas -- Urban,1687579,5240,1295163,6801,975155,7161,320008,5514,392416,6433,35292,2044,357124,6276
0400001US06,06,California -- Urban,37068885,11787,32695201,55410,24847761,87079,7847440,38349,4373684,55310,306580,6527,4067104,51580
0400001US08,08,Colorado -- Urban,4683937,4534,3899749,8800,2402417,10917,1497332,8881,784188,8786,82244,2868,701944,9521
0400001US09,09,Connecticut -- Urban,3168523,3834,2797954,6950,1759399,10797,1038555,8869,370569,6528,26911,1500,343658,6383
0400001US10,10,Delaware -- Urban,779085,2827,662221,4117,457608,4139,204613,3996,116864,3747,11401,1004,105463,3718
0400001US11,11,District of Columbia -- Urban,672391,*****,550281,3333,414932,3872,135349,2788,122110,3333,36426,2587,85684,3315
0400001US12,12,Florida -- Urban,18483636,12016,15714165,30457,11640907,46955,4073258,29426,2769471,26653,254015,6338,2515456,23930
0400001US13,13,Georgia -- Urban,7726313,10149,6494221,20130,5205103,25491,1289118,13609,1232092,18545,153808,4366,1078284,17566
0400001US15,15,Hawaii -- Urban,1313875,3004,1177948,4607,744942,6774,433006,5518,135927,3956,8637,768,127290,3839
0400001US16,16,Idaho -- Urban,1178640,4244,952236,7200,607792,7284,344444,6404,226404,5448,28042,2280,198362,5313
0400001US17,17,Illinois -- Urban,11404710,4816,9864060,18513,6865231,25830,2998829,16421,1540650,18287,136543,3874,1404107,16439
0400001US18,18,Indiana -- Urban,4814249,5240,3726612,11141,2529120,11333,1197492,11393,1087637,10423,113268,4012,974369,10025
0400001US19,19,Iowa -- Urban,2015039,2607,1572887,6407,970324,7302,602563,6701,442152,5953,43244,2006,398908,6097
0400001US20,20,Kansas -- Urban,2163026,2799,1761632,6790,1148558,7408,613074,6536,401394,6173,47750,2336,353644,5990
0400001US21,21,Kentucky -- Urban,2613475,5642,1972706,9355,1396029,9103,576677,6811,640769,8686,67883,2808,572886,8721
0400001US22,22,Louisiana -- Urban,3420898,6574,2904564,11301,2260570,14664,643994,8761,516334,9813,48090,2425,468244,8787
0400001US23,23,Maine -- Urban,513690,3271,434250,4058,239963,3740,194287,4025,79440,2529,9265,1011,70175,2349
0400001US24,24,Maryland -- Urban,5236464,4843,4428825,12305,3207241,14603,1221584,8461,807639,11490,72972,2632,734667,10957
0400001US25,25,Massachusetts -- Urban,6247415,4793,5427650,14314,3412518,17918,2015132,11225,819765,12854,54817,2618,764948,12268
0400001US26,26,Michigan -- Urban,7405054,4962,6265733,12726,4010795,17971,2254938,12706,1139321,11867,116299,3023,1023022,10740
0400001US27,27,Minnesota -- Urban,4048041,3493,3485665,6613,1912865,12050,1572800,10032,562376,6647,59162,2236,503214,6439
0400001US28,28,Mississippi -- Urban,1480302,5582,1223894,7532,1019519,8124,204375,4519,256408,6080,23853,1587,232555,5756
0400001US29,29,Missouri -- Urban,4293811,4862,3424497,9610,2233889,11210,1190608,8938,869314,9641,108961,3636,760353,9283
0400001US30,30,Montana -- Urban,578947,2321,473608,3898,264251,3977,209357,3660,105339,3577,12021,1145,93318,3485
0400001US31,31,Nebraska -- Urban,1398426,1807,1157657,5077,703310,5660,454347,5448,240769,4674,25414,1464,215355,4425
0400001US32,32,Nevada -- Urban,2721445,2857,2367649,8259,1690482,10981,677167,7526,353796,7152,37562,1997,316234,6862
0400001US33,33,New Hampshire -- Urban,802030,3191,689348,4230,364878,4326,324470,4724,112682,2925,17748,1662,94934,2693
0400001US34,34,New Jersey -- Urban,8490452,4207,7536923,14398,5231764,21147,2305159,15287,953529,13804,83448,2778,870081,14131
0400001US35,35,New Mexico -- Urban,1622841,4164,1409107,6968,1086423,8451,322684,6215,213734,5208,25071,1431,188663,5132
0400001US36,36,New York -- Urban,17463601,6606,15214407,25278,11046636,40376,4167771,21505,2249194,26959,127246,3487,2121948,25386
0400001US37,37,North Carolina -- Urban,6713794,9694,5553455,14704,4128633,15113,1424822,12680,1160339,13124,144305,4512,1016034,11871
0400001US38,38,North Dakota -- Urban,447406,1623,383255,3167,207487,4134,175768,3373,64151,2910,5471,778,58680,2824
0400001US39,39,Ohio -- Urban,9069008,7193,7426259,14212,4672449,16889,2753810,15833,1642749,13490,174765,4592,1467984,11898
0400001US40,40,Oklahoma -- Urban,2594256,4401,2047363,6869,1427695,7001,619668,6641,546893,6102,60779,2355,486114,5887
0400001US41,41,Oregon -- Urban,3280375,5155,2696202,8252,1591031,8803,1105171,7195,584173,7052,88762,3343,495411,6613
0400001US42,42,Pennsylvania -- Urban,10095231,7923,8515764,13226,5169378,17226,3346386,14850,1579467,12865,136116,3630,1443351,11575
0400001US44,44,Rhode Island -- Urban,958309,1886,850689,3118,518700,4651,331989,4120,107620,3161,6754,709,100866,3078
0400001US45,45,South Carolina -- Urban,3288114,7884,2695135,12456,2043186,12711,651949,6785,592979,9586,69189,2877,523790,9070
0400001US46,46,South Dakota -- Urban,489795,1650,411285,2976,240563,3620,170722,3271,78510,2453,7747,930,70763,2328
0400001US47,47,Tennessee -- Urban,4400818,6677,3447993,10440,2634810,12381,813183,8428,952825,11374,118440,4032,834385,10254
0400001US48,48,Texas -- Urban,23206432,13756,20080759,41473,16087280,51550,3993479,20399,3125673,39568,272849,7387,2852824,35476
0400001US49,49,Utah -- Urban,2702646,3287,2251390,7852,1417070,8929,834320,7676,451256,7919,36958,1916,414298,7370
0400001US50,50,Vermont -- Urban,243871,2056,204207,2218,108905,1989,95302,2499,39664,1717,4608,584,35056,1637
0400001US51,51,Virginia -- Urban,6358364,6196,5312927,14259,3780025,18992,1532902,12085,1045437,13604,107416,3109,938021,12584
0400001US53,53,Washington -- Urban,6058120,6701,5127255,12022,3081218,14725,2046037,13434,930865,11251,116503,3664,814362,10541
0400001US54,54,West Virginia -- Urban,901835,3916,646536,4946,424659,4779,221877,3963,255299,4781,23064,1520,232235,4916
0400001US55,55,Wisconsin -- Urban,4044431,3732,3489302,8116,2014368,10779,1474934,8927,555129,7963,53987,2329,501142,7302
0400001US56,56,Wyoming -- Urban,377730,1805,293345,3412,173372,3122,119973,2921,84385,3138,8349,902,76036,3059
0400001US72,72,Puerto Rico -- Urban,3265102,5228,2999341,7124,2922715,7311,76626,2693,265761,4995,4410,512,261351,4984
0400043US01,01,Alabama -- Rural,1978972,6531,1455060,8451,1172136,8720,282924,5224,523912,6463,47705,2447,476207,6166
0400043US02,02,Alaska -- Rural,250105,2166,215635,2134,141166,2173,74469,2044,34470,1332,3482,465,30988,1307
0400043US04,04,Arizona -- Rural,700784,7665,591225,7385,424347,6170,166878,3902,109559,4240,8528,981,101031,4145
0400043US05,05,Arkansas -- Rural,1290365,5240,922461,6601,654545,6037,267916,4934,367904,5363,33691,1823,334213,5228
0400043US06,06,California -- Rural,1913962,11787,1641120,11865,1097947,10914,543173,7177,272842,5917,29487,1790,243355,5396
0400043US08,08,Colorado -- Rural,752582,4534,604937,4451,362500,3856,242437,3568,147645,3846,16561,1280,131084,3579
0400043US09,09,Connecticut -- Rural,425955,3834,365134,3649,180075,2740,185059,3569,60821,2696,5345,671,55476,2532
0400043US10,10,Delaware -- Rural,164647,2827,133596,2858,90213,2786,43383,1843,31051,1681,3296,547,27755,1575
0400043US12,12,Florida -- Rural,1794811,12016,1386110,10615,989009,10343,397101,6765,408701,7270,37828,2200,370873,6891
0400043US13,13,Georgia -- Rural,2475322,10149,1911164,11697,1522496,11050,388668,5748,564158,8500,55956,2598,508202,7883
0400043US15,15,Hawaii -- Rural,107783,3004,98175,2882,58779,2555,39396,1970,9608,1196,1750,600,7858,859
0400043US16,16,Idaho -- Rural,478735,4244,389106,4141,255824,4370,133282,2867,89629,4026,10047,1132,79582,3886
0400043US17,17,Illinois -- Rural,1449816,4817,1093366,5340,694084,4949,399282,4153,356450,4030,33702,1494,322748,4206
0400043US18,18,Indiana -- Rural,1800169,5240,1277912,7454,880765,6848,397147,5395,522257,7101,54402,2373,467855,6855
0400043US19,19,Iowa -- Rural,1103063,2608,862476,3775,547595,3850,314881,2704,240587,3207,22160,1003,218427,3302
0400043US20,20,Kansas -- Rural,740794,2799,573281,3066,369184,3291,204097,3160,167513,2906,18532,1046,148981,2917
0400043US21,21,Kentucky -- Rural,1810901,5642,1234644,7702,955078,7129,279566,4092,576257,6554,54410,2173,521847,6648
0400043US22,22,Louisiana -- Rural,1242563,6574,996460,8940,768496,8584,227964,5691,246103,6451,24085,1573,222018,6396
0400043US23,23,Maine -- Rural,816468,3271,670284,4115,395113,3539,275171,3950,146184,3239,20333,1373,125851,3075
0400043US24,24,Maryland -- Rural,759615,4843,602550,5025,373689,4318,228861,3862,157065,3928,16993,1399,140072,3486
0400043US25,25,Massachusetts -- Rural,541904,4793,468639,5165,242721,4496,225918,4436,73265,2379,7236,760,66029,2316
0400043US26,26,Michigan -- Rural,2520514,4962,1991997,6523,1119969,6100,872028,5752,528517,4980,63566,1955,464951,4849
0400043US27,27,Minnesota -- Rural,1442685,3493,1221467,4189,665860,3799,555607,4268,221218,2888,30085,1076,191133,2693
0400043US28,28,Mississippi -- Rural,1505918,5582,1178265,7901,990070,7376,188195,5529,327653,7278,29914,1964,297739,6765
0400043US29,29,Missouri -- Rural,1781489,4862,1278738,8326,832728,7862,446010,5951,502751,7526,49166,2022,453585,7473
0400043US30,30,Montana -- Rural,450915,2321,371667,2387,221334,2433,150333,2450,79248,2396,8609,664,70639,2132
0400043US31,31,Nebraska -- Rural,495495,1807,398263,2269,239805,1948,158458,1990,97232,2016,8127,541,89105,1944
0400043US32,32,Nevada -- Rural,166280,2857,144087,3005,95428,2510,48659,1754,22193,1467,3166,491,19027,1397
0400043US33,33,New Hampshire -- Rural,529818,3191,450200,3562,235589,3522,214611,3684,79618,2657,10530,1053,69088,2455
0400043US34,34,New Jersey -- Rural,469709,4207,411133,4368,213251,4080,197882,3206,58576,2544,5617,610,52959,2466
0400043US35,35,New Mexico -- Rural,461987,4164,406586,4453,329965,4488,76621,2587,55401,2514,5391,759,50010,2357
0400043US36,36,New York -- Rural,2334627,6607,1913586,8000,1056091,7965,857495,6237,421041,5585,47245,1529,373796,5386
0400043US37,37,North Carolina -- Rural,3338770,9695,2584070,12086,1996303,11809,587767,7440,754700,8717,78577,3101,676123,8150
0400043US38,38,North Dakota -- Rural,298069,1624,258233,2025,151872,1931,106361,1775,39836,1460,2792,432,37044,1446
0400043US39,39,Ohio -- Rural,2540748,7193,1888411,8424,1201572,7388,686839,6295,652337,6878,65910,2675,586427,6987
0400043US40,40,Oklahoma -- Rural,1301995,4401,982135,4863,702674,5185,279461,3275,319860,3876,30518,1323,289342,3981
0400043US41,41,Oregon -- Rural,744752,5155,586899,5285,338242,3989,248657,4542,157853,3514,23689,1591,134164,3284
0400043US42,42,Pennsylvania -- Rural,2695274,7923,2143606,8844,1254757,6975,888849,6566,551668,5368,54382,1787,497286,5156
0400043US44,44,Rhode Island -- Rural,97829,1886,85724,1838,44110,1598,41614,1582,12105,1177,870,243,11235,1097
0400043US45,45,South Carolina -- Rural,1605330,7884,1248244,8509,1005102,8203,243142,3509,357086,6653,33891,1735,323195,6228
0400043US46,46,South Dakota -- Rural,365649,1650,314653,2347,200142,2112,114511,1771,50996,2020,5033,488,45963,1979
0400043US47,47,Tennessee -- Rural,2196563,6677,1555593,8901,1170747,8621,384846,4750,640970,7707,60291,2397,580679,7413
0400043US48,48,Texas -- Rural,4213180,13756,3376193,15138,2485863,13966,890330,9463,836987,10020,74135,2752,762852,9392
0400043US49,49,Utah -- Rural,291295,3287,240384,3180,154596,3096,85788,1973,50911,1967,3577,561,47334,1937
0400043US50,50,Vermont -- Rural,380765,2056,318128,2421,180017,2347,138111,2269,62637,1915,8342,670,54295,1724
0400043US51,51,Virginia -- Rural,2007588,6196,1540295,7327,1136398,7508,403897,4859,467293,6350,51338,2174,415955,5619
0400043US53,53,Washington -- Rural,1111847,6701,913524,7493,549320,6237,364204,5426,198323,4661,24032,1209,174291,4436
0400043US54,54,West Virginia -- Rural,935008,3916,609020,5552,408426,5432,200594,3984,325988,5175,21003,1294,304985,5301
0400043US55,55,Wisconsin -- Rural,1718786,3732,1468970,4921,823565,4598,645405,4689,249816,3281,24628,917,225188,3039
0400043US56,56,Wyoming -- Rural,205470,1805,155794,2342,91458,2239,64336,2109,49676,1893,3895,619,45781,1850
0400043US72,72,Puerto Rico -- Rural,203861,5228,189145,5162,187697,5164,1448,359,14716,1183,297,132,14419,1162
04000A0US01,01,Alabama -- In metropolitan or micropolitan statistical area,4405570,*****,3391600,10042,2670778,10178,720822,8358,1013970,10040,100459,3498,913511,9770
04000A0US02,02,Alaska -- In metropolitan or micropolitan statistical area,545570,*****,456143,3146,272365,4274,183778,3850,89427,3146,11455,994,77972,3074
04000A0US04,04,Arizona -- In metropolitan or micropolitan statistical area,6708499,*****,5614568,11365,3971411,16231,1643157,12940,1093931,11365,91974,3198,1001957,10862
04000A0US05,05,Arkansas -- In metropolitan or micropolitan statistical area,2437859,*****,1821910,7265,1347171,7510,474739,7208,615949,7265,56740,2712,559209,7482
04000A0US06,06,California -- In metropolitan or micropolitan statistical area,38712763,*****,34101594,56220,25797054,88176,8304540,39477,4611169,56220,331175,6831,4279994,52202
04000A0US08,08,Colorado -- In metropolitan or micropolitan statistical area,5131473,*****,4257168,8893,2601030,11751,1656138,8931,874305,8893,94061,3089,780244,9781
04000A0US09,09,Connecticut -- In metropolitan or micropolitan statistical area,3594478,*****,3163088,6553,1939474,11260,1223614,9716,431390,6553,32256,1589,399134,6448
04000A0US10,10,Delaware -- In metropolitan or micropolitan statistical area,943732,*****,795817,4379,547821,5150,247996,4239,147915,4379,14697,1152,133218,4276
04000A0US11,11,District of Columbia -- In metropolitan or micropolitan statistical area,672391,*****,550281,3333,414932,3872,135349,2788,122110,3333,36426,2587,85684,3315
04000A0US12,12,Florida -- In metropolitan or micropolitan statistical area,19932529,*****,16839835,28306,12430784,47981,4409051,30637,3092694,28306,285116,6656,2807578,25048
04000A0US13,13,Georgia -- In metropolitan or micropolitan statistical area,9415504,154,7795366,21732,6218431,28572,1576935,14485,1620138,21725,195734,4509,1424404,20378
04000A0US15,15,Hawaii -- In metropolitan or micropolitan statistical area,1421658,*****,1276123,4038,803721,6577,472402,5907,145535,4038,10387,994,135148,3849
04000A0US16,16,Idaho -- In metropolitan or micropolitan statistical area,1519018,114,1229036,5750,789742,7596,439294,6847,289982,5753,35400,2420,254582,5705
04000A0US17,17,Illinois -- In metropolitan or micropolitan statistical area,12247097,*****,10538537,18537,7275852,26845,3262685,16725,1708560,18532,154874,3928,1553686,16832
04000A0US18,18,Indiana -- In metropolitan or micropolitan statistical area,6154736,*****,4692399,11572,3192479,12308,1499920,12021,1462337,11572,153422,4760,1308915,11334
04000A0US19,19,Iowa -- In metropolitan or micropolitan statistical area,2387712,*****,1864797,6007,1147488,7245,717309,6789,522915,6007,51981,2053,470934,6003
04000A0US20,20,Kansas -- In metropolitan or micropolitan statistical area,2512193,*****,2033333,6638,1318838,7387,714495,6966,478860,6638,57708,2466,421152,6476
04000A0US21,21,Kentucky -- In metropolitan or micropolitan statistical area,3470007,*****,2564068,8680,1830404,9403,733664,7053,905939,8680,96557,3266,809382,8773
04000A0US22,22,Louisiana -- In metropolitan or micropolitan statistical area,4335555,*****,3628234,12351,2801275,15614,826959,9271,707321,12351,67687,2778,639634,11576
04000A0US23,23,Maine -- In metropolitan or micropolitan statistical area,906666,*****,761588,3393,425424,3927,336164,4199,145078,3393,20378,1370,124700,3311
04000A0US24,24,Maryland -- In metropolitan or micropolitan statistical area,5914112,*****,4969986,11928,3542094,15047,1427892,8957,944126,11928,88411,2958,855715,11148
04000A0US25,25,Massachusetts -- In metropolitan or micropolitan statistical area,6778407,*****,5887500,13377,3650011,18810,2237489,11397,890907,13377,61950,2634,828957,12910
04000A0US26,26,Michigan -- In metropolitan or micropolitan statistical area,9260982,*****,7736095,11756,4835699,18043,2900396,13342,1524887,11756,161740,3426,1363147,10512
04000A0US27,27,Minnesota -- In metropolitan or micropolitan statistical area,4979024,*****,4272132,6921,2330977,12186,1941155,10888,706892,6921,80165,2443,626727,6556
04000A0US28,28,Mississippi -- In metropolitan or micropolitan statistical area,2342930,*****,1893791,8588,1566743,8762,327048,5517,449139,8588,43683,2313,405456,7532
04000A0US29,29,Missouri -- In metropolitan or micropolitan statistical area,5244536,*****,4123211,10518,2684780,11893,1438431,9120,1121325,10518,138892,4021,982433,10494
04000A0US30,30,Montana -- In metropolitan or micropolitan statistical area,672901,101,549733,3785,303867,4179,245866,3675,123168,3787,13817,1122,109351,3653
04000A0US31,31,Nebraska -- In metropolitan or micropolitan statistical area,1553708,94,1287104,4704,776719,5417,510385,5175,266604,4710,28726,1373,237878,4432
04000A0US32,32,Nevada -- In metropolitan or micropolitan statistical area,2854543,168,2482072,7355,1765368,10388,716704,7925,372471,7351,40185,2016,332286,6995
04000A0US33,33,New Hampshire -- In metropolitan or micropolitan statistical area,1284324,*****,1098288,3737,579253,5452,519035,5830,186036,3737,27593,1859,158443,3504
04000A0US34,34,New Jersey -- In metropolitan or micropolitan statistical area,8960161,*****,7948056,14662,5445015,22413,2503041,15299,1012105,14662,89065,2750,923040,15016
04000A0US35,35,New Mexico -- In metropolitan or micropolitan statistical area,2011705,*****,1752570,6138,1371926,8414,380644,6394,259135,6138,29542,1443,229593,6022
04000A0US36,36,New York -- In metropolitan or micropolitan statistical area,19403819,*****,16809623,28076,11920820,42970,4888803,21868,2594196,28076,168230,3995,2425966,26016
04000A0US37,37,North Carolina -- In metropolitan or micropolitan statistical area,9418475,*****,7643805,17214,5717262,19703,1926543,14872,1774670,17214,210618,5432,1564052,15695
04000A0US38,38,North Dakota -- In metropolitan or micropolitan statistical area,548168,88,470410,3238,255555,3919,214855,3848,77758,3226,6767,881,70991,3138
04000A0US39,39,Ohio -- In metropolitan or micropolitan statistical area,11158811,*****,8994127,14638,5650898,17431,3343229,15941,2164684,14638,229295,5827,1935389,13665
04000A0US40,40,Oklahoma -- In metropolitan or micropolitan statistical area,3353965,*****,2603199,6723,1820611,7314,782588,6421,750766,6723,83141,2575,667625,6459
04000A0US41,41,Oregon -- In metropolitan or micropolitan statistical area,3926565,*****,3206796,7916,1881236,9837,1325560,7725,719769,7916,109559,3715,610210,7408
04000A0US42,42,Pennsylvania -- In metropolitan or micropolitan statistical area,12411866,*****,10370047,14080,6253023,18268,4117024,14985,2041819,14080,181983,4091,1859836,12508
04000A0US44,44,Rhode Island -- In metropolitan or micropolitan statistical area,1056138,*****,936413,3051,562810,4766,373603,4342,119725,3051,7624,726,112101,2978
04000A0US45,45,South Carolina -- In metropolitan or micropolitan statistical area,4586797,*****,3693117,10658,2825400,12410,867717,7762,893680,10658,98648,3579,795032,10000
04000A0US46,46,South Dakota -- In metropolitan or micropolitan statistical area,638333,86,535722,3040,312139,3725,223583,3182,102611,3026,10394,968,92217,3021
04000A0US47,47,Tennessee -- In metropolitan or micropolitan statistical area,5968438,*****,4575715,12805,3471801,14587,1103914,9855,1392723,12805,163953,4640,1228770,11345
04000A0US48,48,Texas -- In metropolitan or micropolitan statistical area,26041798,350,22349473,42107,17729048,53046,4620425,21075,3692325,42071,327471,8263,3364854,37370
04000A0US49,49,Utah -- In metropolitan or micropolitan statistical area,2849782,*****,2375930,8149,1498040,9621,877890,7778,473852,8149,39274,1934,434578,7524
04000A0US50,50,Vermont -- In metropolitan or micropolitan statistical area,461761,*****,387739,2184,211354,2598,176385,2807,74022,2184,8769,693,65253,2074
04000A0US51,51,Virginia -- In metropolitan or micropolitan statistical area,7586262,*****,6255658,14684,4450033,19565,1805625,11686,1330604,14684,140517,3671,1190087,13138
04000A0US53,53,Washington -- In metropolitan or micropolitan statistical area,7015490,*****,5912336,11891,3553901,15644,2358435,14525,1103154,11891,137600,4160,965554,11191
04000A0US54,54,West Virginia -- In metropolitan or micropolitan statistical area,1434121,*****,1008256,6073,666103,5745,342153,5362,425865,6073,36357,1800,389508,6479
04000A0US55,55,Wisconsin -- In metropolitan or micropolitan statistical area,5042411,*****,4346794,8245,2494219,11907,1852575,9474,695617,8245,68203,2474,627414,7381
04000A0US56,56,Wyoming -- In metropolitan or micropolitan statistical area,422640,*****,324681,2879,192931,3253,131750,3204,97959,2879,8639,905,89320,2857
04000A0US72,72,Puerto Rico -- In metropolitan or micropolitan statistical area,3443484,*****,3164462,5244,3086832,5969,77630,2728,279022,5244,4638,535,274384,5214
04000C0US01,01,Alabama -- In metropolitan statistical area,3700785,*****,2863162,9049,2225917,9940,637245,8215,837623,9049,85452,3130,752171,8851
04000C0US02,02,Alaska -- In metropolitan statistical area,499391,*****,416264,3026,249269,4071,166995,3750,83127,3026,10663,989,72464,2927
04000C0US04,04,Arizona -- In metropolitan statistical area,6463394,*****,5405149,11166,3808738,16068,1596411,12811,1058245,11166,89995,3151,968250,10724
04000C0US05,05,Arkansas -- In metropolitan statistical area,1836700,*****,1386001,6047,1024430,6930,361571,6298,450699,6047,43211,2201,407488,6355
04000C0US06,06,California -- In metropolitan statistical area,38150785,*****,33641696,55996,25515264,87943,8126432,39115,4509089,55996,319528,6791,4189561,51987
04000C0US08,08,Colorado -- In metropolitan statistical area,4742932,*****,3947028,8435,2399556,11303,1547472,8587,795904,8435,83827,2818,712077,9149
04000C0US09,09,Connecticut -- In metropolitan statistical area,3410024,*****,3011371,6505,1862247,11172,1149124,9198,398653,6505,30091,1500,368562,6379
04000C0US10,10,Delaware -- In metropolitan statistical area,943732,*****,795817,4379,547821,5150,247996,4239,147915,4379,14697,1152,133218,4276
04000C0US11,11,District of Columbia -- In metropolitan statistical area,672391,*****,550281,3333,414932,3872,135349,2788,122110,3333,36426,2587,85684,3315
04000C0US12,12,Florida -- In metropolitan statistical area,19572572,*****,16549190,28219,12213749,47513,4335441,30413,3023382,28219,279676,6608,2743706,25102
04000C0US13,13,Georgia -- In metropolitan statistical area,8425832,*****,7012759,19599,5569048,25762,1443711,13381,1413073,19599,173656,4605,1239417,18045
04000C0US15,15,Hawaii -- In metropolitan statistical area,1154240,*****,1033318,3442,653666,5447,379652,4972,120922,3442,6632,600,114290,3331
04000C0US16,16,Idaho -- In metropolitan statistical area,1105148,*****,882263,5292,556657,6357,325606,6193,222885,5292,28124,2252,194761,5213
04000C0US17,17,Illinois -- In metropolitan statistical area,11368650,*****,9866854,18440,6848510,26179,3018344,16312,1501796,18440,134624,3712,1367172,16830
04000C0US18,18,Indiana -- In metropolitan statistical area,5148335,*****,3977209,9652,2679416,10737,1297793,11222,1171126,9652,126607,4286,1044519,9167
04000C0US19,19,Iowa -- In metropolitan statistical area,1839602,*****,1440464,5475,880128,6390,560336,5442,399138,5475,38901,1814,360237,5599
04000C0US20,20,Kansas -- In metropolitan statistical area,1964162,*****,1598238,5900,1025325,7099,572913,6658,365924,5900,45708,2098,320216,5753
04000C0US21,21,Kentucky -- In metropolitan statistical area,2590620,*****,1973802,7750,1384654,8427,589148,6704,616818,7750,68070,2598,548748,7576
04000C0US22,22,Louisiana -- In metropolitan statistical area,3899951,*****,3269468,11309,2514888,14312,754580,8551,630483,11309,62335,2479,568148,10610
04000C0US23,23,Maine -- In metropolitan statistical area,785377,*****,661859,3131,369294,3897,292565,4170,123518,3131,16864,1256,106654,3048
04000C0US24,24,Maryland -- In metropolitan statistical area,5844265,*****,4912489,11700,3503731,14842,1408758,9019,931776,11700,87139,2914,844637,10929
04000C0US25,25,Massachusetts -- In metropolitan statistical area,6690206,*****,5812772,13323,3611744,18597,2201028,11346,877434,13323,60767,2626,816667,12803
04000C0US26,26,Michigan -- In metropolitan statistical area,8127926,*****,6848235,11763,4337373,17620,2510862,11849,1279691,11763,133850,3115,1145841,10751
04000C0US27,27,Minnesota -- In metropolitan statistical area,4254185,*****,3660804,6531,1987459,10479,1673345,9765,593381,6531,62184,2194,531197,6217
04000C0US28,28,Mississippi -- In metropolitan statistical area,1371209,*****,1107290,5882,891062,6736,216228,4756,263919,5882,27317,1816,236602,5386
04000C0US29,29,Missouri -- In metropolitan statistical area,4527793,*****,3597203,10326,2335119,11677,1262084,8227,930590,10326,118907,3589,811683,9892
04000C0US30,30,Montana -- In metropolitan statistical area,363592,101,297666,2536,167714,2784,129952,2532,65926,2542,7176,807,58750,2436
04000C0US31,31,Nebraska -- In metropolitan statistical area,1226066,*****,1026464,4123,613754,4990,412710,4509,199602,4123,22580,1248,177022,3968
04000C0US32,32,Nevada -- In metropolitan statistical area,2616097,*****,2279184,7122,1634687,10294,644497,7676,336913,7122,35279,1844,301634,6724
04000C0US33,33,New Hampshire -- In metropolitan statistical area,835402,*****,721683,3078,374872,4341,346811,4620,113719,3078,19511,1625,94208,2808
04000C0US34,34,New Jersey -- In metropolitan statistical area,8960161,*****,7948056,14662,5445015,22413,2503041,15299,1012105,14662,89065,2750,923040,15016
04000C0US35,35,New Mexico -- In metropolitan statistical area,1394633,*****,1225093,5106,940020,7102,285073,5465,169540,5106,22343,1362,147197,5081
04000C0US36,36,New York -- In metropolitan statistical area,18408445,*****,16021864,27316,11478828,42515,4543036,21686,2386581,27316,145688,3876,2240893,25441
04000C0US37,37,North Carolina -- In metropolitan statistical area,7847998,*****,6375815,14816,4695204,16954,1680611,13357,1472183,14816,178437,4686,1293746,13696
04000C0US38,38,North Dakota -- In metropolitan statistical area,369423,88,322917,2220,176137,3041,146780,3237,46506,2206,4429,717,42077,2085
04000C0US39,39,Ohio -- In metropolitan statistical area,9245993,*****,7582205,13126,4746710,16935,2835495,15432,1663788,13126,180450,4634,1483338,11940
04000C0US40,40,Oklahoma -- In metropolitan statistical area,2614084,*****,2045160,6491,1412012,6757,633148,5813,568924,6491,68186,2453,500738,5990
04000C0US41,41,Oregon -- In metropolitan statistical area,3367883,*****,2764019,6984,1619663,9308,1144356,7192,603864,6984,95167,3522,508697,6472
04000C0US42,42,Pennsylvania -- In metropolitan statistical area,11312047,*****,9517553,14040,5753424,18647,3764129,14456,1794494,14040,160006,3658,1634488,12786
04000C0US44,44,Rhode Island -- In metropolitan statistical area,1056138,*****,936413,3051,562810,4766,373603,4342,119725,3051,7624,726,112101,2978
04000C0US45,45,South Carolina -- In metropolitan statistical area,4143953,*****,3335449,10063,2527513,11701,807936,7392,808504,10063,90600,3366,717904,9430
04000C0US46,46,South Dakota -- In metropolitan statistical area,409204,*****,344714,2525,199354,3077,145360,2942,64490,2525,7290,858,57200,2522
04000C0US47,47,Tennessee -- In metropolitan statistical area,5101201,*****,3939324,11285,2990321,13238,949003,9484,1161877,11285,144171,4591,1017706,10170
04000C0US48,48,Texas -- In metropolitan statistical area,24378998,197,20974827,40207,16619734,50831,4355093,20723,3404171,40183,302313,7769,3101858,35889
04000C0US49,49,Utah -- In metropolitan statistical area,2675386,*****,2231347,7588,1405342,9233,826005,7668,444039,7588,36911,1906,407128,6868
04000C0US50,50,Vermont -- In metropolitan statistical area,216751,*****,184871,1441,103041,2050,81830,1960,31880,1441,3203,436,28677,1368
04000C0US51,51,Virginia -- In metropolitan statistical area,7315717,*****,6044077,14289,4273943,19023,1770134,11427,1271640,14289,134673,3569,1136967,12952
04000C0US53,53,Washington -- In metropolitan statistical area,6448492,*****,5453412,11567,3263879,14219,2189533,13700,995080,11567,124167,3894,870913,10743
04000C0US54,54,West Virginia -- In metropolitan statistical area,1132018,*****,800446,5504,532197,5451,268249,4723,331572,5504,30484,1596,301088,5626
04000C0US55,55,Wisconsin -- In metropolitan statistical area,4265553,*****,3686992,7390,2119416,10461,1567576,8726,578561,7390,57129,2194,521432,6671
04000C0US56,56,Wyoming -- In metropolitan statistical area,178054,*****,143957,1745,86159,1996,57798,2276,34097,1745,3664,483,30433,1698
04000C0US72,72,Puerto Rico -- In metropolitan statistical area,3318152,*****,3047693,5298,2970593,6022,77100,2727,270459,5298,4459,507,266000,5270
04000C1US01,01,Alabama -- In metropolitan statistical area -- in principal city,1392395,1099,1126643,6318,896027,6078,230616,4675,265752,6176,24278,1464,241474,6137
04000C1US02,02,Alaska -- In metropolitan statistical area -- in principal city,330078,56,280113,2368,172517,3335,107596,2930,49965,2357,6765,727,43200,2306
04000C1US04,04,Arizona -- In metropolitan statistical area -- in principal city,3349966,239,2839906,8059,2059154,10786,780752,7348,510060,8079,45668,2387,464392,7378
04000C1US05,05,Arkansas -- In metropolitan statistical area -- in principal city,837965,123,663747,4530,510452,5165,153295,3893,174218,4512,16012,1351,158206,4249
04000C1US06,06,California -- In metropolitan statistical area -- in principal city,17832833,1717,15756296,26673,12159114,43436,3597182,23745,2076537,26500,132492,4055,1944045,24757
04000C1US08,08,Colorado -- In metropolitan statistical area -- in principal city,2237669,428,1872797,6774,1184579,8207,688218,6681,364872,6743,34731,1636,330141,6654
04000C1US09,09,Connecticut -- In metropolitan statistical area -- in principal city,1037622,275,929989,3436,671778,5649,258211,4198,107633,3493,7173,872,100460,3426
04000C1US10,10,Delaware -- In metropolitan statistical area -- in principal city,108385,100,92374,1403,72105,1534,20269,1566,16011,1398,1568,355,14443,1374
04000C1US11,11,District of Columbia -- In metropolitan statistical area -- in principal city,672391,*****,550281,3333,414932,3872,135349,2788,122110,3333,36426,2587,85684,3315
04000C1US12,12,Florida -- In metropolitan statistical area -- in principal city,5367931,3708,4516049,12863,3317545,15703,1198504,10725,851882,12763,87075,3318,764807,11951
04000C1US13,13,Georgia -- In metropolitan statistical area -- in principal city,1965227,516,1694281,7018,1379728,8665,314553,4525,270946,6964,32795,2052,238151,6688
04000C1US15,15,Hawaii -- In metropolitan statistical area -- in principal city,411712,1688,371158,2703,258940,3347,112218,3027,40554,2004,2258,353,38296,1939
04000C1US16,16,Idaho -- In metropolitan statistical area -- in principal city,416031,177,335414,3189,202027,3266,133387,2881,80617,3198,10015,1044,70602,3102
04000C1US17,17,Illinois -- In metropolitan statistical area -- in principal city,4225883,1366,3741155,9315,2835805,12806,905350,8149,484728,9087,38009,1589,446719,8712
04000C1US18,18,Indiana -- In metropolitan statistical area -- in principal city,2182331,1597,1720309,6629,1221141,7404,499168,6516,462022,6532,45338,2382,416684,6191
04000C1US19,19,Iowa -- In metropolitan statistical area -- in principal city,961403,183,753077,4543,469384,4485,283693,4022,208326,4509,19514,1290,188812,4491
04000C1US20,20,Kansas -- In metropolitan statistical area -- in principal city,1002763,320,830395,4195,552267,5316,278128,4780,172368,4263,20044,1390,152324,4254
04000C1US21,21,Kentucky -- In metropolitan statistical area -- in principal city,1113601,628,854489,5350,615302,5267,239187,3992,259112,5337,28033,1644,231079,5314
04000C1US22,22,Louisiana -- In metropolitan statistical area -- in principal city,1391440,2085,1196667,5807,953042,7293,243625,4750,194773,5390,16240,1059,178533,5072
04000C1US23,23,Maine -- In metropolitan statistical area -- in principal city,183535,56,156861,1487,89211,1874,67650,2015,26674,1482,2804,401,23870,1418
04000C1US24,24,Maryland -- In metropolitan statistical area -- in principal city,1245601,3516,1056555,5780,803447,6475,253108,4080,189046,4331,16944,1073,172102,4380
04000C1US25,25,Massachusetts -- In metropolitan statistical area -- in principal city,1429564,113,1243364,4677,884872,6664,358492,4473,186200,4679,10176,987,176024,4477
04000C1US26,26,Michigan -- In metropolitan statistical area -- in principal city,2487182,378,2140812,7191,1574629,9249,566183,5815,346370,7096,29258,1465,317112,6405
04000C1US27,27,Minnesota -- In metropolitan statistical area -- in principal city,1317384,138,1138749,3279,655343,5303,483406,4331,178635,3264,16947,994,161688,3201
04000C1US28,28,Mississippi -- In metropolitan statistical area -- in principal city,355469,207,303827,2133,259003,2832,44824,2217,51642,2106,4123,548,47519,2082
04000C1US29,29,Missouri -- In metropolitan statistical area -- in principal city,1355815,258,1111800,4971,763763,5773,348037,4326,244015,4954,27390,1383,216625,4761
04000C1US30,30,Montana -- In metropolitan statistical area -- in principal city,239073,93,195541,2038,108863,2515,86678,2415,43532,2032,4395,612,39137,1964
04000C1US31,31,Nebraska -- In metropolitan statistical area -- in principal city,791438,96,663773,3362,409774,4064,253999,3540,127665,3353,14140,984,113525,3203
04000C1US32,32,Nevada -- In metropolitan statistical area -- in principal city,1432288,3162,1243806,5811,871157,6706,372649,5175,188482,4577,20754,1357,167728,4113
04000C1US33,33,New Hampshire -- In metropolitan statistical area -- in principal city,198243,55,174869,1488,104399,2110,70470,2210,23374,1491,3280,623,20094,1328
04000C1US34,34,New Jersey -- In metropolitan statistical area -- in principal city,971811,1374,868668,4168,748448,5400,120220,3489,103143,3906,4717,817,98426,3618
04000C1US35,35,New Mexico -- In metropolitan statistical area -- in principal city,786569,135,683473,3874,510903,5120,172570,4177,103096,3876,14584,1174,88512,3746
04000C1US36,36,New York -- In metropolitan statistical area -- in principal city,9846312,583,8648139,19165,6973467,26082,1674672,12485,1198173,19106,51780,2397,1146393,18002
04000C1US37,37,North Carolina -- In metropolitan statistical area -- in principal city,3206680,553,2728373,7492,2072008,9377,656365,6642,478307,7615,62123,2674,416184,7322
04000C1US38,38,North Dakota -- In metropolitan statistical area -- in principal city,244871,63,213464,1765,115734,2399,97730,2528,31407,1768,3068,636,28339,1610
04000C1US39,39,Ohio -- In metropolitan statistical area -- in principal city,2618341,416,2193056,6220,1511574,7406,681482,6570,425285,6378,37127,1842,388158,5977
04000C1US40,40,Oklahoma -- In metropolitan statistical area -- in principal city,1176502,247,959499,3974,680436,5012,279063,4359,217003,3972,23945,1408,193058,3872
04000C1US41,41,Oregon -- In metropolitan statistical area -- in principal city,1487938,667,1236150,5159,712302,5873,523848,5534,251788,5192,39789,2089,211999,4693
04000C1US42,42,Pennsylvania -- In metropolitan statistical area -- in principal city,2822707,151,2391472,7174,1732940,9600,658532,6588,431235,7202,28244,1572,402991,6769
04000C1US44,44,Rhode Island -- In metropolitan statistical area -- in principal city,260727,96,232119,1566,157079,2474,75040,2353,28608,1551,1664,416,26944,1516
04000C1US45,45,South Carolina -- In metropolitan statistical area -- in principal city,832353,532,703632,3016,539755,3953,163877,2978,128721,3177,14486,1132,114235,3248
04000C1US46,46,South Dakota -- In metropolitan statistical area -- in principal city,243242,80,205640,1760,121057,2447,84583,2509,37602,1759,4247,682,33355,1736
04000C1US47,47,Tennessee -- In metropolitan statistical area -- in principal city,2301273,312,1873391,6939,1481335,8215,392056,5522,427882,6955,60496,2988,367386,6415
04000C1US48,48,Texas -- In metropolitan statistical area -- in principal city,12351280,3168,10860194,21967,8881224,30084,1978970,14452,1491086,21609,123231,4143,1367855,20076
04000C1US49,49,Utah -- In metropolitan statistical area -- in principal city,650939,124,552419,2925,355962,3504,196457,3228,98520,2929,7494,751,91026,2854
04000C1US50,50,Vermont -- In metropolitan statistical area -- in principal city,61226,36,52883,883,28088,1095,24795,1024,8343,888,732,218,7611,839
04000C1US51,51,Virginia -- In metropolitan statistical area -- in principal city,2226060,1122,1868753,6181,1339773,9000,528980,5648,357307,5990,35556,1686,321751,5682
04000C1US53,53,Washington -- In metropolitan statistical area -- in principal city,2641086,908,2250969,6665,1357693,8121,893276,8626,390117,6610,47081,2329,343036,6163
04000C1US54,54,West Virginia -- In metropolitan statistical area -- in principal city,249676,189,187938,1953,122451,2449,65487,2031,61738,1943,5292,532,56446,1937
04000C1US55,55,Wisconsin -- In metropolitan statistical area -- in principal city,1697595,284,1474453,4356,936162,5724,538291,5159,223142,4370,19198,1174,203944,4274
04000C1US56,56,Wyoming -- In metropolitan statistical area -- in principal city,122157,71,99888,1550,58918,1691,40970,1976,22269,1552,2762,451,19507,1478
04000C1US72,72,Puerto Rico -- In metropolitan statistical area -- in principal city,916911,3846,820891,4070,784727,3981,36164,1900,96020,2317,1578,235,94442,2309
04000C2US01,01,Alabama -- In metropolitan statistical area -- not in principal city,2308390,1099,1736519,6958,1329890,8084,406629,7318,571871,6832,61174,2725,510697,6508
04000C2US02,02,Alaska -- In metropolitan statistical area -- not in principal city,169313,56,136151,1472,76752,2172,59399,2171,33162,1479,3898,522,29264,1427
04000C2US04,04,Arizona -- In metropolitan statistical area -- not in principal city,3113428,239,2565243,8367,1749584,10747,815659,9352,548185,8380,44327,1986,503858,8371
04000C2US05,05,Arkansas -- In metropolitan statistical area -- not in principal city,998735,123,722254,5078,513978,4979,208276,4653,276481,5056,27199,1859,249282,5292
04000C2US06,06,California -- In metropolitan statistical area -- not in principal city,20317952,1717,17885400,33159,13356150,49844,4529250,23312,2432552,33384,187036,4459,2245516,31286
04000C2US08,08,Colorado -- In metropolitan statistical area -- not in principal city,2505263,428,2074231,6259,1214977,7611,859254,7272,431032,6201,49096,2295,381936,6877
04000C2US09,09,Connecticut -- In metropolitan statistical area -- not in principal city,2372402,275,2081382,5284,1190469,8190,890913,7641,291020,5262,22918,1250,268102,5225
04000C2US10,10,Delaware -- In metropolitan statistical area -- not in principal city,835347,100,703443,4178,475716,4787,227727,4063,131904,4148,13129,1147,118775,4072
04000C2US12,12,Florida -- In metropolitan statistical area -- not in principal city,14204641,3708,12033141,21772,8896204,37899,3136937,25550,2171500,22052,192601,4995,1978899,19709
04000C2US13,13,Georgia -- In metropolitan statistical area -- not in principal city,6460605,516,5318478,15882,4189320,20429,1129158,11755,1142127,16045,140861,4021,1001266,14824
04000C2US15,15,Hawaii -- In metropolitan statistical area -- not in principal city,742528,1688,662160,3049,394726,4206,267434,4085,80368,2931,4374,450,75994,2846
04000C2US16,16,Idaho -- In metropolitan statistical area -- not in principal city,689117,177,546849,4148,354630,5258,192219,4958,142268,4172,18109,1901,124159,3936
04000C2US17,17,Illinois -- In metropolitan statistical area -- not in principal city,7142767,1366,6125699,13275,4012705,17342,2112994,11954,1017068,13162,96615,3241,920453,12113
04000C2US18,18,Indiana -- In metropolitan statistical area -- not in principal city,2966004,1597,2256900,7900,1458275,8492,798625,7750,709104,7775,81269,3258,627835,7956
04000C2US19,19,Iowa -- In metropolitan statistical area -- not in principal city,878199,185,687387,3956,410744,4659,276643,3777,190812,3955,19387,1178,171425,3749
04000C2US20,20,Kansas -- In metropolitan statistical area -- not in principal city,961399,320,767843,4006,473058,4836,294785,4341,193556,3963,25664,1514,167892,3912
04000C2US21,21,Kentucky -- In metropolitan statistical area -- not in principal city,1477019,628,1119313,5595,769352,5990,349961,5276,357706,5516,40037,1981,317669,5472
04000C2US22,22,Louisiana -- In metropolitan statistical area -- not in principal city,2508511,2085,2072801,8442,1561846,10695,510955,7306,435710,8719,46095,2219,389615,8517
04000C2US23,23,Maine -- In metropolitan statistical area -- not in principal city,601842,56,504998,2923,280083,3632,224915,3697,96844,2905,14060,1204,82784,2749
04000C2US24,24,Maryland -- In metropolitan statistical area -- not in principal city,4598664,3516,3855934,10646,2700284,12425,1155650,7926,742730,10273,70195,2674,672535,9709
04000C2US25,25,Massachusetts -- In metropolitan statistical area -- not in principal city,5260642,113,4569408,10896,2726872,14858,1842536,10243,691234,10885,50591,2576,640643,10333
04000C2US26,26,Michigan -- In metropolitan statistical area -- not in principal city,5640744,378,4707423,8217,2762744,11512,1944679,10053,933321,8238,104592,2651,828729,7768
04000C2US27,27,Minnesota -- In metropolitan statistical area -- not in principal city,2936801,138,2522055,5565,1332116,7936,1189939,7727,414746,5570,45237,2031,369509,5171
04000C2US28,28,Mississippi -- In metropolitan statistical area -- not in principal city,1015740,207,803463,5201,632059,5380,171404,4298,212277,5269,23194,1770,189083,4734
04000C2US29,29,Missouri -- In metropolitan statistical area -- not in principal city,3171978,258,2485403,8205,1571356,8855,914047,6346,686575,8155,91517,3291,595058,7804
04000C2US30,30,Montana -- In metropolitan statistical area -- not in principal city,124519,123,102125,1437,58851,1778,43274,1355,22394,1441,2781,547,19613,1382
04000C2US31,31,Nebraska -- In metropolitan statistical area -- not in principal city,434628,96,362691,2001,203980,2652,158711,2614,71937,1989,8440,705,63497,1978
04000C2US32,32,Nevada -- In metropolitan statistical area -- not in principal city,1183809,3162,1035378,5495,763530,6773,271848,4903,148431,4775,14525,1018,133906,4581
04000C2US33,33,New Hampshire -- In metropolitan statistical area -- not in principal city,637159,55,546814,2869,270473,3625,276341,3926,90345,2867,16231,1523,74114,2661
04000C2US34,34,New Jersey -- In metropolitan statistical area -- not in principal city,7988350,1374,7079388,12812,4696567,20263,2382821,14947,908962,12988,84348,2650,824614,13350
04000C2US35,35,New Mexico -- In metropolitan statistical area -- not in principal city,608064,135,541620,2994,429117,4055,112503,3073,66444,2983,7759,743,58685,2997
04000C2US36,36,New York -- In metropolitan statistical area -- not in principal city,8562133,583,7373725,12440,4505361,20082,2868364,13600,1188408,12472,93908,2792,1094500,11773
04000C2US37,37,North Carolina -- In metropolitan statistical area -- not in principal city,4641318,553,3647442,11438,2623196,11910,1024246,9962,993876,11270,116314,3583,877562,10163
04000C2US38,38,North Dakota -- In metropolitan statistical area -- not in principal city,124552,102,109453,1294,60403,1487,49050,1800,15099,1292,1361,340,13738,1289
04000C2US39,39,Ohio -- In metropolitan statistical area -- not in principal city,6627652,416,5389149,11428,3235136,14343,2154013,13404,1238503,11381,143323,4161,1095180,11136
04000C2US40,40,Oklahoma -- In metropolitan statistical area -- not in principal city,1437582,247,1085661,4618,731576,4273,354085,4231,351921,4659,44241,1929,307680,4141
04000C2US41,41,Oregon -- In metropolitan statistical area -- not in principal city,1879945,667,1527869,5303,907361,6858,620508,6274,352076,5246,55378,2690,296698,4717
04000C2US42,42,Pennsylvania -- In metropolitan statistical area -- not in principal city,8489340,151,7126081,10728,4020484,13540,3105597,12243,1363259,10713,131762,3148,1231497,10273
04000C2US44,44,Rhode Island -- In metropolitan statistical area -- not in principal city,795411,96,704294,2723,405731,4222,298563,3825,91117,2766,5960,604,85157,2652
04000C2US45,45,South Carolina -- In metropolitan statistical area -- not in principal city,3311600,532,2631817,9226,1987758,9928,644059,6953,679783,9115,76114,3125,603669,8601
04000C2US46,46,South Dakota -- In metropolitan statistical area -- not in principal city,165962,80,139074,1589,78297,1798,60777,1848,26888,1596,3043,497,23845,1510
04000C2US47,47,Tennessee -- In metropolitan statistical area -- not in principal city,2799928,312,2065933,8693,1508986,9955,556947,6886,733995,8686,83675,3551,650320,8117
04000C2US48,48,Texas -- In metropolitan statistical area -- not in principal city,12027718,3133,10114633,23721,7738510,28966,2376123,15791,1913085,23764,179082,5735,1734003,21328
04000C2US49,49,Utah -- In metropolitan statistical area -- not in principal city,2024447,124,1678928,6833,1049380,8685,629548,7546,345519,6804,29417,1741,316102,6227
04000C2US50,50,Vermont -- In metropolitan statistical area -- not in principal city,155525,36,131988,1154,74953,1623,57035,1568,23537,1145,2471,347,21066,1143
04000C2US51,51,Virginia -- In metropolitan statistical area -- not in principal city,5089657,1122,4175324,10911,2934170,13358,1241154,8655,914333,10752,99117,3227,815216,9997
04000C2US53,53,Washington -- In metropolitan statistical area -- not in principal city,3807406,908,3202443,8861,1906186,11361,1296257,10470,604963,8745,77086,2905,527877,8008
04000C2US54,54,West Virginia -- In metropolitan statistical area -- not in principal city,882342,189,612508,5205,409746,4562,202762,4221,269834,5206,25192,1558,244642,5209
04000C2US55,55,Wisconsin -- In metropolitan statistical area -- not in principal city,2567958,284,2212539,5164,1183254,7516,1029285,6373,355419,5155,37931,1828,317488,4537
04000C2US56,56,Wyoming -- In metropolitan statistical area -- not in principal city,55897,71,44069,1243,27241,1299,16828,1046,11828,1248,902,198,10926,1238
04000C2US72,72,Puerto Rico -- In metropolitan statistical area -- not in principal city,2401241,3846,2226802,5796,2185866,6103,40936,1947,174439,4565,2881,447,171558,4514
04000E0US01,01,Alabama -- In micropolitan statistical area,704785,*****,528438,4013,444861,4274,83577,2700,176347,4012,15007,1327,161340,3922
04000E0US02,02,Alaska -- In micropolitan statistical area,46179,*****,39879,533,23096,803,16783,718,6300,533,792,180,5508,536
04000E0US04,04,Arizona -- In micropolitan statistical area,245105,*****,209419,1897,162673,2280,46746,1822,35686,1897,1979,331,33707,1829
04000E0US05,05,Arkansas -- In micropolitan statistical area,601159,*****,435909,3827,322741,3974,113168,2979,165250,3827,13529,955,151721,3834
04000E0US06,06,California -- In micropolitan statistical area,561978,*****,459898,3058,281790,3992,178108,3501,102080,3058,11647,990,90433,3059
04000E0US08,08,Colorado -- In micropolitan statistical area,388541,*****,310140,3021,201474,2917,108666,2383,78401,3021,10234,1279,68167,2968
04000E0US09,09,Connecticut -- In micropolitan statistical area,184454,*****,151717,1875,77227,1576,74490,1910,32737,1875,2165,376,30572,1834
04000E0US12,12,Florida -- In micropolitan statistical area,359957,*****,290645,2508,217035,3003,73610,2289,69312,2508,5440,667,63872,2472
04000E0US13,13,Georgia -- In micropolitan statistical area,989672,154,782607,5334,649383,5295,133224,3566,207065,5335,22078,1843,184987,5301
04000E0US15,15,Hawaii -- In micropolitan statistical area,267418,*****,242805,1731,150055,2746,92750,2661,24613,1731,3755,855,20858,1523
04000E0US16,16,Idaho -- In micropolitan statistical area,413870,114,346773,2221,233085,3644,113688,3175,67097,2218,7276,860,59821,2380
04000E0US17,17,Illinois -- In micropolitan statistical area,878447,*****,671683,3641,427342,3587,244341,3299,206764,3641,20250,1140,186514,3385
04000E0US18,18,Indiana -- In micropolitan statistical area,1006401,*****,715190,4806,513063,4766,202127,3751,291211,4806,26815,1513,264396,4881
04000E0US19,19,Iowa -- In micropolitan statistical area,548110,*****,424333,2676,267360,2728,156973,2981,123777,2676,13080,1046,110697,2663
04000E0US20,20,Kansas -- In micropolitan statistical area,548031,*****,435095,3126,293513,3469,141582,2656,112936,3126,12000,945,100936,3052
04000E0US21,21,Kentucky -- In micropolitan statistical area,879387,*****,590266,4723,445750,4952,144516,3162,289121,4723,28487,1547,260634,4766
04000E0US22,22,Louisiana -- In micropolitan statistical area,435604,*****,358766,2627,286387,3197,72379,2672,76838,2627,5352,771,71486,2649
04000E0US23,23,Maine -- In micropolitan statistical area,121289,*****,99729,1302,56130,1499,43599,1728,21560,1302,3514,738,18046,1160
04000E0US24,24,Maryland -- In micropolitan statistical area,69847,*****,57497,1038,38363,1041,19134,932,12350,1038,1272,257,11078,1013
04000E0US25,25,Massachusetts -- In micropolitan statistical area,88201,*****,74728,875,38267,1171,36461,1127,13473,875,1183,317,12290,881
04000E0US26,26,Michigan -- In micropolitan statistical area,1133056,*****,887860,3728,498326,4051,389534,4098,245196,3728,27890,1232,217306,3688
04000E0US27,27,Minnesota -- In micropolitan statistical area,724839,*****,611328,2277,343518,3245,267810,2850,113511,2277,17981,899,95530,2047
04000E0US28,28,Mississippi -- In micropolitan statistical area,971721,*****,786501,4526,675681,5239,110820,3283,185220,4526,16366,1312,168854,4371
04000E0US29,29,Missouri -- In micropolitan statistical area,716743,*****,526008,3642,349661,3894,176347,3159,190735,3642,19985,1315,170750,3756
04000E0US30,30,Montana -- In micropolitan statistical area,309309,*****,252067,2228,136153,2734,115914,2484,57242,2228,6641,646,50601,2123
04000E0US31,31,Nebraska -- In micropolitan statistical area,327642,94,260640,2495,162965,2337,97675,2271,67002,2486,6146,687,60856,2254
04000E0US32,32,Nevada -- In micropolitan statistical area,238446,168,202888,1845,130681,2224,72207,2164,35558,1836,4906,652,30652,1791
04000E0US33,33,New Hampshire -- In micropolitan statistical area,448922,*****,376605,2080,204381,2733,172224,2884,72317,2080,8082,856,64235,1960
04000E0US35,35,New Mexico -- In micropolitan statistical area,617072,*****,527477,3336,431906,4057,95571,3450,89595,3336,7199,736,82396,3197
04000E0US36,36,New York -- In micropolitan statistical area,995374,*****,787759,3183,441992,3858,345767,3090,207615,3183,22542,1221,185073,3213
04000E0US37,37,North Carolina -- In micropolitan statistical area,1570477,*****,1267990,5673,1022058,6041,245932,4971,302487,5673,32181,1584,270306,5215
04000E0US38,38,North Dakota -- In micropolitan statistical area,178745,*****,147493,1947,79418,2009,68075,1914,31252,1947,2338,452,28914,1901
04000E0US39,39,Ohio -- In micropolitan statistical area,1912818,*****,1411922,5503,904188,5826,507734,5900,500896,5503,48845,2414,452051,5887
04000E0US40,40,Oklahoma -- In micropolitan statistical area,739881,*****,558039,2929,408599,3805,149440,3281,181842,2929,14955,1120,166887,3032
04000E0US41,41,Oregon -- In micropolitan statistical area,558682,*****,442777,2974,261573,2680,181204,3065,115905,2974,14392,1199,101513,2930
04000E0US42,42,Pennsylvania -- In micropolitan statistical area,1099819,*****,852494,3573,499599,3518,352895,3266,247325,3573,21977,1117,225348,3428
04000E0US45,45,South Carolina -- In micropolitan statistical area,442844,*****,357668,2973,297887,3715,59781,2359,85176,2973,8048,788,77128,2827
04000E0US46,46,South Dakota -- In micropolitan statistical area,229129,86,191008,1676,112785,2166,78223,1933,38121,1667,3104,403,35017,1596
04000E0US47,47,Tennessee -- In micropolitan statistical area,867237,*****,636391,4403,481480,5340,154911,3882,230846,4403,19782,1392,211064,4294
04000E0US48,48,Texas -- In micropolitan statistical area,1662800,251,1374646,5604,1109314,5968,265332,4382,288154,5574,25158,1643,262996,5106
04000E0US49,49,Utah -- In micropolitan statistical area,174396,*****,144583,1716,92698,2011,51885,1879,29813,1716,2363,365,27450,1729
04000E0US50,50,Vermont -- In micropolitan statistical area,245010,*****,202868,1561,108313,2039,94555,2046,42142,1561,5566,521,36576,1560
04000E0US51,51,Virginia -- In micropolitan statistical area,270545,*****,211581,2239,176090,2665,35491,1556,58964,2239,5844,602,53120,2100
04000E0US53,53,Washington -- In micropolitan statistical area,566998,*****,458924,3237,290022,3428,168902,3520,108074,3237,13433,1291,94641,3194
04000E0US54,54,West Virginia -- In micropolitan statistical area,302103,*****,207810,2699,133906,2904,73904,2618,94293,2699,5873,612,88420,2785
04000E0US55,55,Wisconsin -- In micropolitan statistical area,776858,*****,659802,2411,374803,3843,284999,3555,117056,2411,11074,880,105982,2399
04000E0US56,56,Wyoming -- In micropolitan statistical area,244586,*****,180724,2304,106772,2430,73952,2056,63862,2304,4975,724,58887,2366
04000E0US72,72,Puerto Rico -- In micropolitan statistical area,125332,*****,116769,897,116239,928,530,182,8563,897,179,111,8384,917
04000E1US01,01,Alabama -- In micropolitan statistical area -- in principal city,219791,102,169924,1978,147059,2255,22865,1333,49867,1985,4411,639,45456,1930
04000E1US02,02,Alaska -- In micropolitan statistical area -- in principal city,40629,53,35251,504,20411,758,14840,712,5378,503,714,176,4664,490
04000E1US04,04,Arizona -- In micropolitan statistical area -- in principal city,56093,50,47227,1018,35594,1329,11633,1048,8866,1014,778,207,8088,976
04000E1US05,05,Arkansas -- In micropolitan statistical area -- in principal city,229626,282,174861,2806,133387,2528,41474,1924,54765,2854,4607,638,50158,2756
04000E1US06,06,California -- In micropolitan statistical area -- in principal city,157970,101,128756,1706,81350,2234,47406,1780,29214,1711,3229,638,25985,1744
04000E1US08,08,Colorado -- In micropolitan statistical area -- in principal city,123722,969,98694,1732,63429,1798,35265,1429,25028,1408,3243,705,21785,1444
04000E1US09,09,Connecticut -- In micropolitan statistical area -- in principal city,35078,27,27513,831,15541,806,11972,908,7565,825,241,84,7324,813
04000E1US12,12,Florida -- In micropolitan statistical area -- in principal city,73315,58,60054,1228,45856,1563,14198,1179,13261,1236,706,249,12555,1212
04000E1US13,13,Georgia -- In micropolitan statistical area -- in principal city,318830,172,263029,2698,223755,2906,39274,2031,55801,2658,6925,1342,48876,2350
04000E1US15,15,Hawaii -- In micropolitan statistical area -- in principal city,56208,1838,50765,1834,34322,1673,16443,1009,5443,588,487,219,4956,598
04000E1US16,16,Idaho -- In micropolitan statistical area -- in principal city,151610,192,127778,1541,82618,2242,45160,2060,23832,1497,2176,494,21656,1512
04000E1US17,17,Illinois -- In micropolitan statistical area -- in principal city,329096,1160,252215,2413,161536,2355,90679,2271,76881,2381,7487,793,69394,2196
04000E1US18,18,Indiana -- In micropolitan statistical area -- in principal city,358662,1220,256654,2756,181917,2994,74737,2338,102008,2421,9271,782,92737,2416
04000E1US19,19,Iowa -- In micropolitan statistical area -- in principal city,296652,96,229490,2369,146065,2319,83425,2318,67162,2381,7651,988,59511,2377
04000E1US20,20,Kansas -- In micropolitan statistical area -- in principal city,350213,298,281830,2662,192107,3070,89723,2474,68383,2663,6977,890,61406,2548
04000E1US21,21,Kentucky -- In micropolitan statistical area -- in principal city,255591,111,184292,2587,133556,2692,50736,1963,71299,2592,7518,965,63781,2517
04000E1US22,22,Louisiana -- In micropolitan statistical area -- in principal city,120656,621,102883,1122,82906,1490,19977,1330,17773,1050,1141,271,16632,1074
04000E1US23,23,Maine -- In micropolitan statistical area -- in principal city,35000,32,29859,703,16542,946,13317,947,5141,701,888,392,4253,596
04000E1US24,24,Maryland -- In micropolitan statistical area -- in principal city,29090,34,24005,640,16608,772,7397,608,5085,640,613,192,4472,625
04000E1US25,25,Massachusetts -- In micropolitan statistical area -- in principal city,19295,356,16352,478,8020,544,8332,563,2943,467,255,115,2688,484
04000E1US26,26,Michigan -- In micropolitan statistical area -- in principal city,235399,370,184117,1747,102161,2082,81956,1988,51282,1803,4831,520,46451,1768
04000E1US27,27,Minnesota -- In micropolitan statistical area -- in principal city,304318,160,257518,1770,146134,2435,111384,2376,46800,1783,4677,677,42123,1700
04000E1US28,28,Mississippi -- In micropolitan statistical area -- in principal city,364559,165,308157,2243,269825,2943,38332,1946,56402,2302,4806,661,51596,2189
04000E1US29,29,Missouri -- In micropolitan statistical area -- in principal city,260865,814,197438,2364,133828,2563,63610,2047,63427,2163,6668,719,56759,2044
04000E1US30,30,Montana -- In micropolitan statistical area -- in principal city,129114,205,106198,1801,54195,1862,52003,1626,22916,1770,2622,467,20294,1719
04000E1US31,31,Nebraska -- In micropolitan statistical area -- in principal city,193000,87,153191,1936,95912,1996,57279,1850,39809,1943,3980,652,35829,1759
04000E1US32,32,Nevada -- In micropolitan statistical area -- in principal city,102596,773,84902,1494,55636,1705,29266,1478,17694,1312,2100,444,15594,1361
04000E1US33,33,New Hampshire -- In micropolitan statistical area -- in principal city,119003,82,99906,1212,55651,1570,44255,1461,19097,1207,2224,395,16873,1151
04000E1US35,35,New Mexico -- In micropolitan statistical area -- in principal city,309251,367,258254,2224,203871,2660,54383,2351,50997,2275,4573,632,46424,2207
04000E1US36,36,New York -- In micropolitan statistical area -- in principal city,245135,582,195679,1742,108649,2391,87030,1953,49456,1592,4302,543,45154,1535
04000E1US37,37,North Carolina -- In micropolitan statistical area -- in principal city,363450,511,302387,2600,245941,3248,56446,2317,61063,2553,6120,698,54943,2361
04000E1US38,38,North Dakota -- In micropolitan statistical area -- in principal city,118741,60,97470,1825,52795,1943,44675,1817,21271,1815,1503,386,19768,1794
04000E1US39,39,Ohio -- In micropolitan statistical area -- in principal city,562099,812,420577,3316,265068,3164,155509,3496,141522,3242,13817,1208,127705,3167
04000E1US40,40,Oklahoma -- In micropolitan statistical area -- in principal city,377094,119,286654,2283,206396,2815,80258,2557,90440,2287,8035,868,82405,2290
04000E1US41,41,Oregon -- In micropolitan statistical area -- in principal city,175654,96,138433,1716,81794,1878,56639,1954,37221,1706,4445,594,32776,1654
04000E1US42,42,Pennsylvania -- In micropolitan statistical area -- in principal city,168749,141,131721,1688,72838,1553,58883,1882,37028,1693,3176,500,33852,1639
04000E1US45,45,South Carolina -- In micropolitan statistical area -- in principal city,85028,76,72492,1266,62366,1507,10126,1086,12536,1280,760,299,11776,1216
04000E1US46,46,South Dakota -- In micropolitan statistical area -- in principal city,152651,143,127075,1451,75300,1799,51775,1641,25576,1447,1814,344,23762,1430
04000E1US47,47,Tennessee -- In micropolitan statistical area -- in principal city,246769,334,184418,2557,141517,2748,42901,2014,62351,2525,5377,729,56974,2387
04000E1US48,48,Texas -- In micropolitan statistical area -- in principal city,789189,973,662249,3977,546890,4855,115359,3204,126940,3952,11222,1210,115718,3708
04000E1US49,49,Utah -- In micropolitan statistical area -- in principal city,71587,380,58428,1396,36776,1508,21652,1284,13159,1334,1061,300,12098,1317
04000E1US50,50,Vermont -- In micropolitan statistical area -- in principal city,33331,362,27228,846,13951,797,13277,933,6103,783,742,277,5361,763
04000E1US51,51,Virginia -- In micropolitan statistical area -- in principal city,60562,31,48110,1071,40254,1278,7856,746,12452,1071,1117,233,11335,1070
04000E1US53,53,Washington -- In micropolitan statistical area -- in principal city,166404,135,135373,1728,84761,2082,50612,1859,31031,1708,3216,631,27815,1524
04000E1US54,54,West Virginia -- In micropolitan statistical area -- in principal city,57716,231,41710,1340,26501,1235,15209,1085,16006,1337,1437,359,14569,1312
04000E1US55,55,Wisconsin -- In micropolitan statistical area -- in principal city,230405,96,193422,1690,105811,2395,87611,2455,36983,1700,3418,633,33565,1641
04000E1US56,56,Wyoming -- In micropolitan statistical area -- in principal city,139103,59,102503,1830,59173,1820,43330,1433,36600,1831,3116,575,33484,1838
04000E1US72,72,Puerto Rico -- In micropolitan statistical area -- in principal city,30626,1713,27342,1676,26991,1637,351,161,3284,527,41,31,3243,529
04000E2US01,01,Alabama -- In micropolitan statistical area -- not in principal city,484994,101,358514,3338,297802,3449,60712,2350,126480,3354,10596,1118,115884,3435
04000E2US02,02,Alaska -- In micropolitan statistical area -- not in principal city,5550,53,4628,187,2685,179,1943,156,922,177,78,41,844,175
04000E2US04,04,Arizona -- In micropolitan statistical area -- not in principal city,189012,50,162192,1530,127079,1750,35113,1569,26820,1529,1201,243,25619,1475
04000E2US05,05,Arkansas -- In micropolitan statistical area -- not in principal city,371533,282,261048,2748,189354,3226,71694,2569,110485,2756,8922,751,101563,2789
04000E2US06,06,California -- In micropolitan statistical area -- not in principal city,404008,101,331142,2586,200440,3139,130702,3033,72866,2575,8418,828,64448,2575
04000E2US08,08,Colorado -- In micropolitan statistical area -- not in principal city,264819,969,211446,2699,138045,2649,73401,2023,53373,2435,6991,1018,46382,2351
04000E2US09,09,Connecticut -- In micropolitan statistical area -- not in principal city,149376,27,124204,1491,61686,1612,62518,1713,25172,1494,1924,364,23248,1496
04000E2US12,12,Florida -- In micropolitan statistical area -- not in principal city,286642,58,230591,2340,171179,2590,59412,1988,56051,2339,4734,659,51317,2310
04000E2US13,13,Georgia -- In micropolitan statistical area -- not in principal city,670842,239,519578,4543,425628,4654,93950,2704,151264,4549,15153,1306,136111,4466
04000E2US15,15,Hawaii -- In micropolitan statistical area -- not in principal city,211210,1838,192040,2146,115733,2889,76307,2479,19170,1575,3268,832,15902,1320
04000E2US16,16,Idaho -- In micropolitan statistical area -- not in principal city,262260,222,218995,1951,150467,2767,68528,2080,43265,1896,5100,755,38165,1934
04000E2US17,17,Illinois -- In micropolitan statistical area -- not in principal city,549351,1161,419468,2780,265806,2440,153662,2354,129883,2740,12763,851,117120,2651
04000E2US18,18,Indiana -- In micropolitan statistical area -- not in principal city,647739,1220,458536,3996,331146,3503,127390,2757,189203,4086,17544,1298,171659,4079
04000E2US19,19,Iowa -- In micropolitan statistical area -- not in principal city,251458,96,194843,1563,121295,1611,73548,1596,56615,1579,5429,456,51186,1499
04000E2US20,20,Kansas -- In micropolitan statistical area -- not in principal city,197818,298,153265,1582,101406,1743,51859,1367,44553,1601,5023,382,39530,1542
04000E2US21,21,Kentucky -- In micropolitan statistical area -- not in principal city,623796,111,405974,4156,312194,4079,93780,2529,217822,4154,20969,1309,196853,4239
04000E2US22,22,Louisiana -- In micropolitan statistical area -- not in principal city,314948,621,255883,2544,203481,2843,52402,2229,59065,2437,4211,722,54854,2499
04000E2US23,23,Maine -- In micropolitan statistical area -- not in principal city,86289,32,69870,1129,39588,1205,30282,1375,16419,1128,2626,574,13793,994
04000E2US24,24,Maryland -- In micropolitan statistical area -- not in principal city,40757,34,33492,629,21755,655,11737,657,7265,628,659,151,6606,606
04000E2US25,25,Massachusetts -- In micropolitan statistical area -- not in principal city,68906,356,58376,865,30247,1035,28129,949,10530,819,928,292,9602,834
04000E2US26,26,Michigan -- In micropolitan statistical area -- not in principal city,897657,370,703743,3025,396165,3462,307578,3236,193914,2988,23059,1126,170855,3025
04000E2US27,27,Minnesota -- In micropolitan statistical area -- not in principal city,420521,160,353810,1262,197384,1695,156426,1817,66711,1262,13304,649,53407,1156
04000E2US28,28,Mississippi -- In micropolitan statistical area -- not in principal city,607162,165,478344,4198,405856,4399,72488,2787,128818,4163,11560,1128,117258,4063
04000E2US29,29,Missouri -- In micropolitan statistical area -- not in principal city,455878,814,328570,3298,215833,3534,112737,2692,127308,3256,13317,1077,113991,3334
04000E2US30,30,Montana -- In micropolitan statistical area -- not in principal city,180195,205,145869,1497,81958,2094,63911,1911,34326,1479,4019,471,30307,1445
04000E2US31,31,Nebraska -- In micropolitan statistical area -- not in principal city,134642,127,107449,1179,67053,1196,40396,994,27193,1167,2166,270,25027,1099
04000E2US32,32,Nevada -- In micropolitan statistical area -- not in principal city,135850,797,117986,1459,75045,1840,42941,1666,17864,1322,2806,480,15058,1181
04000E2US33,33,New Hampshire -- In micropolitan statistical area -- not in principal city,329919,82,276699,1905,148730,2206,127969,2507,53220,1913,5858,696,47362,1721
04000E2US35,35,New Mexico -- In micropolitan statistical area -- not in principal city,307821,367,269223,2310,228035,2859,41188,2093,38598,2260,2626,425,35972,2200
04000E2US36,36,New York -- In micropolitan statistical area -- not in principal city,750239,582,592080,2937,333343,3210,258737,2924,158159,2891,18240,1014,139919,2842
04000E2US37,37,North Carolina -- In micropolitan statistical area -- not in principal city,1207027,511,965603,4689,776117,5255,189486,4343,241424,4579,26061,1466,215363,4452
04000E2US38,38,North Dakota -- In micropolitan statistical area -- not in principal city,60004,61,50023,668,26623,1006,23400,818,9981,655,835,223,9146,614
04000E2US39,39,Ohio -- In micropolitan statistical area -- not in principal city,1350719,812,991345,4773,639120,5182,352225,4486,359374,4604,35028,1962,324346,4609
04000E2US40,40,Oklahoma -- In micropolitan statistical area -- not in principal city,362787,119,271385,2000,202203,2220,69182,1830,91402,2006,6920,607,84482,2000
04000E2US41,41,Oregon -- In micropolitan statistical area -- not in principal city,383028,96,304344,2390,179779,2240,124565,2518,78684,2398,9947,1024,68737,2293
04000E2US42,42,Pennsylvania -- In micropolitan statistical area -- not in principal city,931070,141,720773,3197,426761,3188,294012,2998,210297,3196,18801,911,191496,3203
04000E2US45,45,South Carolina -- In micropolitan statistical area -- not in principal city,357816,76,285176,2642,235521,3270,49655,1995,72640,2625,7288,728,65352,2612
04000E2US46,46,South Dakota -- In micropolitan statistical area -- not in principal city,76478,165,63933,819,37485,915,26448,873,12545,842,1290,248,11255,840
04000E2US47,47,Tennessee -- In micropolitan statistical area -- not in principal city,620468,334,451973,3614,339963,4363,112010,2961,168495,3660,14405,1077,154090,3598
04000E2US48,48,Texas -- In micropolitan statistical area -- not in principal city,873611,1006,712397,3914,562424,4109,149973,3214,161214,3752,13936,1220,147278,3416
04000E2US49,49,Utah -- In micropolitan statistical area -- not in principal city,102809,380,86155,1180,55922,1528,30233,1235,16654,1108,1302,285,15352,1104
04000E2US50,50,Vermont -- In micropolitan statistical area -- not in principal city,211679,362,175640,1353,94362,1703,81278,1775,36039,1385,4824,467,31215,1392
04000E2US51,51,Virginia -- In micropolitan statistical area -- not in principal city,209983,31,163471,2011,135836,2188,27635,1363,46512,2016,4727,551,41785,1862
04000E2US53,53,Washington -- In micropolitan statistical area -- not in principal city,400594,135,323551,2793,205261,2916,118290,2639,77043,2799,10217,1101,66826,2815
04000E2US54,54,West Virginia -- In micropolitan statistical area -- not in principal city,244387,231,166100,2379,107405,2460,58695,2156,78287,2383,4436,497,73851,2456
04000E2US55,55,Wisconsin -- In micropolitan statistical area -- not in principal city,546453,96,466380,1924,268992,2789,197388,2488,80073,1939,7656,610,72417,1801
04000E2US56,56,Wyoming -- In micropolitan statistical area -- not in principal city,105483,59,78221,1562,47599,1534,30622,1602,27262,1557,1859,450,25403,1508
04000E2US72,72,Puerto Rico -- In micropolitan statistical area -- not in principal city,94706,1713,89427,1814,89248,1812,179,89,5279,749,138,106,5141,761
04000G0US01,01,Alabama -- Not in metropolitan or micropolitan statistical area,445201,*****,338910,2616,293397,3007,45513,1753,106291,2616,7846,716,98445,2481
04000G0US02,02,Alaska -- Not in metropolitan or micropolitan statistical area,192995,*****,169662,1036,118697,1431,50965,1349,23333,1036,2228,339,21105,1010
04000G0US04,04,Arizona -- Not in metropolitan or micropolitan statistical area,101447,*****,89686,939,76917,1141,12769,887,11761,939,287,105,11474,919
04000G0US05,05,Arkansas -- Not in metropolitan or micropolitan statistical area,540085,*****,395714,3004,282529,3180,113185,2908,144371,3004,12243,953,132128,2741
04000G0US06,06,California -- Not in metropolitan or micropolitan statistical area,270084,*****,234727,1957,148654,2228,86073,2108,35357,1957,4892,595,30465,1866
04000G0US08,08,Colorado -- Not in metropolitan or micropolitan statistical area,305046,*****,247518,2066,163887,2226,83631,2087,57528,2066,4744,500,52784,2140
04000G0US12,12,Florida -- Not in metropolitan or micropolitan statistical area,345918,*****,260440,2918,199132,3177,61308,2305,85478,2918,6727,926,78751,2935
04000G0US13,13,Georgia -- Not in metropolitan or micropolitan statistical area,786131,154,610019,4026,509168,3627,100851,2561,176112,4032,14030,1200,162082,4113
04000G0US16,16,Idaho -- Not in metropolitan or micropolitan statistical area,138357,114,112306,1289,73874,1737,38432,1451,26051,1278,2689,378,23362,1231
04000G0US17,17,Illinois -- Not in metropolitan or micropolitan statistical area,607429,*****,418889,2823,283463,2769,135426,2431,188540,2824,15371,952,173169,3017
04000G0US18,18,Indiana -- Not in metropolitan or micropolitan statistical area,459682,*****,312125,3139,217406,3206,94719,1977,147557,3139,14248,1299,133309,3089
04000G0US19,19,Iowa -- Not in metropolitan or micropolitan statistical area,730390,*****,570566,2843,370431,2628,200135,2649,159824,2843,13423,789,146401,2879
04000G0US20,20,Kansas -- Not in metropolitan or micropolitan statistical area,391627,*****,301580,1747,198904,2167,102676,1928,90047,1747,8574,687,81473,1726
04000G0US21,21,Kentucky -- Not in metropolitan or micropolitan statistical area,954369,*****,643282,5096,520703,4775,122579,2817,311087,5096,25736,1483,285351,5088
04000G0US22,22,Louisiana -- Not in metropolitan or micropolitan statistical area,327906,*****,272790,2317,227791,2735,44999,1625,55116,2317,4488,671,50628,2113
04000G0US23,23,Maine -- Not in metropolitan or micropolitan statistical area,423492,*****,342946,2356,209652,2432,133294,2145,80546,2356,9220,835,71326,2104
04000G0US24,24,Maryland -- Not in metropolitan or micropolitan statistical area,81967,*****,61389,1262,38836,1302,22553,1070,20578,1262,1554,277,19024,1257
04000G0US25,25,Massachusetts -- Not in metropolitan or micropolitan statistical area,10912,*****,8789,528,5228,492,3561,504,2123,528,103,74,2020,506
04000G0US26,26,Michigan -- Not in metropolitan or micropolitan statistical area,664586,*****,521635,2071,295065,2627,226570,2506,142951,2071,18125,825,124826,1921
04000G0US27,27,Minnesota -- Not in metropolitan or micropolitan statistical area,511702,*****,435000,1641,247748,2099,187252,1990,76702,1643,9082,503,67620,1607
04000G0US28,28,Mississippi -- Not in metropolitan or micropolitan statistical area,643290,*****,508368,3869,442846,4106,65522,2562,134922,3869,10084,983,124838,3654
04000G0US29,29,Missouri -- Not in metropolitan or micropolitan statistical area,830764,*****,580024,4401,381837,4039,198187,3661,250740,4401,19235,1263,231505,4512
04000G0US30,30,Montana -- Not in metropolitan or micropolitan statistical area,356961,101,295542,1985,181718,1895,113824,2074,61419,1998,6813,637,54606,1909
04000G0US31,31,Nebraska -- Not in metropolitan or micropolitan statistical area,340213,94,268816,2224,166396,1984,102420,1579,71397,2223,4815,450,66582,2116
04000G0US32,32,Nevada -- Not in metropolitan or micropolitan statistical area,33182,168,29664,506,20542,720,9122,660,3518,511,543,254,2975,416
04000G0US33,33,New Hampshire -- Not in metropolitan or micropolitan statistical area,47524,*****,41260,849,21214,945,20046,974,6264,849,685,290,5579,813
04000G0US35,35,New Mexico -- Not in metropolitan or micropolitan statistical area,73123,*****,63123,949,44462,1175,18661,1083,10000,949,920,248,9080,956
04000G0US36,36,New York -- Not in metropolitan or micropolitan statistical area,394409,*****,318370,2090,181907,2487,136463,2294,76039,2090,6261,576,69778,2073
04000G0US37,37,North Carolina -- Not in metropolitan or micropolitan statistical area,634089,*****,493720,3831,407674,3982,86046,2402,140369,3830,12264,1263,128105,3430
04000G0US38,38,North Dakota -- Not in metropolitan or micropolitan statistical area,197307,87,171078,1158,103804,1422,67274,1286,26229,1159,1496,231,24733,1148
04000G0US39,39,Ohio -- Not in metropolitan or micropolitan statistical area,450945,*****,320543,3368,223123,3256,97420,2437,130402,3368,11380,896,119022,3181
04000G0US40,40,Oklahoma -- Not in metropolitan or micropolitan statistical area,542286,*****,426299,1885,309758,2540,116541,2046,115987,1885,8156,560,107831,1819
04000G0US41,41,Oregon -- Not in metropolitan or micropolitan statistical area,98562,*****,76305,1011,48037,1141,28268,1050,22257,1011,2892,392,19365,951
04000G0US42,42,Pennsylvania -- Not in metropolitan or micropolitan statistical area,378639,*****,289323,1622,171112,1755,118211,1715,89316,1622,8515,425,80801,1531
04000G0US45,45,South Carolina -- Not in metropolitan or micropolitan statistical area,306647,*****,250262,2260,222888,2657,27374,1392,56385,2260,4432,679,51953,2225
04000G0US46,46,South Dakota -- Not in metropolitan or micropolitan statistical area,217111,87,190216,1157,128566,1578,61650,1249,26895,1145,2386,355,24509,1121
04000G0US47,47,Tennessee -- Not in metropolitan or micropolitan statistical area,628943,*****,427871,3998,333756,4155,94115,3154,201072,3998,14778,1241,186294,3778
04000G0US48,48,Texas -- Not in metropolitan or micropolitan statistical area,1377814,350,1107479,4411,844095,5306,263384,3917,270335,4430,19513,1264,250822,4441
04000G0US49,49,Utah -- Not in metropolitan or micropolitan statistical area,144159,*****,115844,1316,73626,1532,42218,1328,28315,1316,1261,312,27054,1280
04000G0US50,50,Vermont -- Not in metropolitan or micropolitan statistical area,162875,*****,134596,1102,77568,1439,57028,1159,28279,1102,4181,479,24098,1033
04000G0US51,51,Virginia -- Not in metropolitan or micropolitan statistical area,779690,*****,597564,4150,466390,4481,131174,2893,182126,4150,18237,1193,163889,3894
04000G0US53,53,Washington -- Not in metropolitan or micropolitan statistical area,154477,*****,128443,1259,76637,1642,51806,1446,26034,1259,2935,389,23099,1230
04000G0US54,54,West Virginia -- Not in metropolitan or micropolitan statistical area,402722,*****,247300,3032,166982,3071,80318,2250,155422,3032,7710,930,147712,3193
04000G0US55,55,Wisconsin -- Not in metropolitan or micropolitan statistical area,720806,*****,611478,1888,343714,2707,267764,2575,109328,1888,10412,577,98916,1717
04000G0US56,56,Wyoming -- Not in metropolitan or micropolitan statistical area,160560,*****,124458,1607,71899,1876,52559,1976,36102,1607,3605,490,32497,1549
04000G0US72,72,Puerto Rico -- Not in metropolitan or micropolitan statistical area,25479,*****,24024,405,23580,450,444,203,1455,405,69,72,1386,406
04000H0US01,01,Alabama -- Not in metropolitan statistical area,1149986,*****,867348,5251,738258,5861,129090,3487,282638,5250,22853,1555,259785,4946
04000H0US02,02,Alaska -- Not in metropolitan statistical area,239174,*****,209541,1222,141793,1761,67748,1557,29633,1222,3020,405,26613,1187
04000H0US04,04,Arizona -- Not in metropolitan statistical area,346552,*****,299105,2182,239590,2617,59515,1933,47447,2182,2266,343,45181,2136
04000H0US05,05,Arkansas -- Not in metropolitan statistical area,1141244,*****,831623,4516,605270,4952,226353,4306,309621,4516,25772,1487,283849,4584
04000H0US06,06,California -- Not in metropolitan statistical area,832062,*****,694625,3532,430444,4511,264181,4099,137437,3532,16539,1199,120898,3458
04000H0US08,08,Colorado -- Not in metropolitan statistical area,693587,*****,557658,3351,365361,3336,192297,3067,135929,3351,14978,1402,120951,3410
04000H0US09,09,Connecticut -- Not in metropolitan statistical area,184454,*****,151717,1875,77227,1576,74490,1910,32737,1875,2165,376,30572,1834
04000H0US12,12,Florida -- Not in metropolitan statistical area,705875,*****,551085,4073,416167,4320,134918,3364,154790,4073,12167,1247,142623,4164
04000H0US13,13,Georgia -- Not in metropolitan statistical area,1775803,*****,1392626,6776,1158551,6574,234075,4331,383177,6776,36108,2388,347069,6666
04000H0US15,15,Hawaii -- Not in metropolitan statistical area,267418,*****,242805,1731,150055,2746,92750,2661,24613,1731,3755,855,20858,1523
04000H0US16,16,Idaho -- Not in metropolitan statistical area,552227,*****,459079,2623,306959,4142,152120,3700,93148,2623,9965,989,83183,2760
04000H0US17,17,Illinois -- Not in metropolitan statistical area,1485876,*****,1090572,4328,710805,3919,379767,3939,395304,4330,35621,1515,359683,4431
04000H0US18,18,Indiana -- Not in metropolitan statistical area,1466083,*****,1027315,6216,730469,5707,296846,4148,438768,6216,41063,1840,397705,6119
04000H0US19,19,Iowa -- Not in metropolitan statistical area,1278500,*****,994899,4046,637791,3382,357108,4374,283601,4046,26503,1467,257098,4105
04000H0US20,20,Kansas -- Not in metropolitan statistical area,939658,*****,736675,3460,492417,3625,244258,3157,202983,3460,20574,1345,182409,3422
04000H0US21,21,Kentucky -- Not in metropolitan statistical area,1833756,*****,1233548,7018,966453,6659,267095,3964,600208,7018,54223,2339,545985,7019
04000H0US22,22,Louisiana -- Not in metropolitan statistical area,763510,*****,631556,3871,514178,4506,117378,3273,131954,3871,9840,1058,122114,3720
04000H0US23,23,Maine -- Not in metropolitan statistical area,544781,*****,442675,2763,265782,3051,176893,3044,102106,2763,12734,1050,89372,2487
04000H0US24,24,Maryland -- Not in metropolitan statistical area,151814,*****,118886,1452,77199,1594,41687,1393,32928,1452,2826,411,30102,1402
04000H0US25,25,Massachusetts -- Not in metropolitan statistical area,99113,*****,83517,1095,43495,1333,40022,1293,15596,1095,1286,330,14310,1068
04000H0US26,26,Michigan -- Not in metropolitan statistical area,1797642,*****,1409495,4345,793391,4707,616104,4767,388147,4345,46015,1508,342132,4179
04000H0US27,27,Minnesota -- Not in metropolitan statistical area,1236541,*****,1046328,2515,591266,4028,455062,3805,190213,2516,27063,960,163150,2434
04000H0US28,28,Mississippi -- Not in metropolitan statistical area,1615011,*****,1294869,6827,1118527,6931,176342,4329,320142,6827,26450,1733,293692,6375
04000H0US29,29,Missouri -- Not in metropolitan statistical area,1547507,*****,1106032,5513,731498,4954,374534,4817,441475,5513,39220,2052,402255,5823
04000H0US30,30,Montana -- Not in metropolitan statistical area,666270,101,547609,3282,317871,3723,229738,3504,118661,3292,13454,907,105207,3169
04000H0US31,31,Nebraska -- Not in metropolitan statistical area,667855,*****,529456,3375,329361,3009,200095,2587,138399,3375,10961,847,127438,3186
04000H0US32,32,Nevada -- Not in metropolitan statistical area,271628,*****,232552,1875,151223,2339,81329,2330,39076,1875,5449,662,33627,1827
04000H0US33,33,New Hampshire -- Not in metropolitan statistical area,496446,*****,417865,2228,225595,3050,192270,3095,78581,2228,8767,935,69814,2149
04000H0US35,35,New Mexico -- Not in metropolitan statistical area,690195,*****,590600,3325,476368,4298,114232,3700,99595,3325,8119,774,91476,3221
04000H0US36,36,New York -- Not in metropolitan statistical area,1389783,*****,1106129,3898,623899,4816,482230,3898,283654,3897,28803,1280,254851,3865
04000H0US37,37,North Carolina -- Not in metropolitan statistical area,2204566,*****,1761710,7776,1429732,8091,331978,5514,442856,7774,44445,2217,398411,6834
04000H0US38,38,North Dakota -- Not in metropolitan statistical area,376052,87,318571,2340,183222,2680,135349,2116,57481,2343,3834,479,53647,2291
04000H0US39,39,Ohio -- Not in metropolitan statistical area,2363763,*****,1732465,5982,1127311,6329,605154,6412,631298,5982,60225,2788,571073,6169
04000H0US40,40,Oklahoma -- Not in metropolitan statistical area,1282167,*****,984338,3516,718357,4579,265981,3633,297829,3516,23111,1209,274718,3702
04000H0US41,41,Oregon -- Not in metropolitan statistical area,657244,*****,519082,2979,309610,2833,209472,3130,138162,2979,17284,1220,120878,2887
04000H0US42,42,Pennsylvania -- Not in metropolitan statistical area,1478458,*****,1141817,3916,670711,4236,471106,3841,336641,3916,30492,1310,306149,3690
04000H0US45,45,South Carolina -- Not in metropolitan statistical area,749491,*****,607930,4222,520775,4831,87155,2603,141561,4222,12480,1023,129081,4075
04000H0US46,46,South Dakota -- Not in metropolitan statistical area,446240,*****,381224,1984,241351,2735,139873,2257,65016,1984,5490,570,59526,1913
04000H0US47,47,Tennessee -- Not in metropolitan statistical area,1496180,*****,1064262,6019,815236,6675,249026,4363,431918,6019,34560,2032,397358,5739
04000H0US48,48,Texas -- Not in metropolitan statistical area,3040614,197,2482125,6731,1953409,8451,528716,6032,558489,6745,44671,2113,513818,6248
04000H0US49,49,Utah -- Not in metropolitan statistical area,318555,*****,260427,2166,166324,2577,94103,2329,58128,2166,3624,426,54504,2192
04000H0US50,50,Vermont -- Not in metropolitan statistical area,407885,*****,337464,1864,185881,2629,151583,2315,70421,1864,9747,761,60674,1727
04000H0US51,51,Virginia -- Not in metropolitan statistical area,1050235,*****,809145,5067,642480,5325,166665,3072,241090,5067,24081,1466,217009,4668
04000H0US53,53,Washington -- Not in metropolitan statistical area,721475,*****,587367,3248,366659,3656,220708,3729,134108,3248,16368,1348,117740,3347
04000H0US54,54,West Virginia -- Not in metropolitan statistical area,704825,*****,455110,4163,300888,4535,154222,3365,249715,4163,13583,1150,236132,4413
04000H0US55,55,Wisconsin -- Not in metropolitan statistical area,1497664,*****,1271280,2953,718517,5009,552763,4345,226384,2953,21486,1047,204898,2848
04000H0US56,56,Wyoming -- Not in metropolitan statistical area,405146,*****,305182,2730,178671,3198,126511,2777,99964,2730,8580,905,91384,2742
04000H0US72,72,Puerto Rico -- Not in metropolitan statistical area,150811,*****,140793,1032,139819,1084,974,246,10018,1032,248,125,9770,1058
